label,subject,body
1,Online Coding Challenge: Graphic Designer Position,"Hey Samantha Garcia,  Greetings! Your application for the Graphic Designer position at Creative Designs Studio has caught our attention. As the next step, we invite you to take an online coding challenge to assess your technical skills. Please find the link to the challenge attached. We value your commitment to this process and look forward to reviewing your results.  Cheers, Brandon Lewis Creative Director Creative Designs Studio"
1,Application Outcome: Human Resources Manager Position,"Dear Oliver Davis,  Thank you for your application for the Human Resources Manager position at People First Company. After careful review, we have chosen to proceed with other candidates for this role. We appreciate your HR expertise and the skills you demonstrated in your application. Please consider applying for future opportunities with our organization. Wishing you the best in your career pursuits.  Warm regards, Sophia Clark HR Director People First Company"
1,Your Application Is in Good Hands,"Hi Rachel Miller,  Thank you for taking the time to apply for the Project Manager position at Stellar Solutions. We're impressed with your background and are eager to explore your potential contribution to our team. Stay tuned for updates, and we wish you the best in the selection process.  Regards, Ethan Adams HR Director Stellar Solutions"
1,Final Interview Invitation: Sales Representative Position,"Hi Lily Thompson,  Congratulations on making it to the final round! Your application for the Sales Representative position at Dynamic Solutions has been selected for the final interview. We would like to discuss your sales experience in more detail. Please let us know your availability for the upcoming week. We appreciate your commitment to the process and look forward to the final stages of the hiring process.  Best, Henry Turner CEO Dynamic Solutions"
1,Thank You for Your Interest in [Job Title] at [Company Name],"I hope this message finds you well. I wanted to personally thank you for your interest in the [Job Title] position at [Company Name] and for the time and effort you put into the interview process. We were truly impressed with your qualifications and experience, and we appreciate your enthusiasm for the role.  After careful consideration, we have decided to move forward with another candidate whose skills and experience closely align with our current needs for this role. It was a challenging decision to make, as we were highly impressed with your qualifications and what you could bring to our team.  Please know that this decision does not diminish your worth or the value of your skills and experience. We received many qualified applications, and this decision was based on the specific requirements of the position and how well they matched with the other candidate's background.  We sincerely hope that you will not be discouraged by this outcome, as we believe you have a bright future ahead. We will keep your application on file for the future and consider you for other opportunities within [Company Name] that might be a better fit.  Thank you once again for your interest in [Company Name]. We wish you the best of luck in your job search, and we hope our paths may cross again in the future.  If you have any questions or would like feedback on your interview, please feel free to reach out. We are more than happy to provide constructive feedback to help you in your professional growth.  Thank you for considering [Company Name] as a potential employer, and we wish you all the best in your career endeavors."
0,Restaurant Experience Survey,"Hello [Dining Patron],  We hope you enjoyed your dining experience with us. Share your feedback through our restaurant experience survey. Your comments will help us enhance the dining experience for all our guests.  Survey Link: [Survey Link]  Bon appétit!  Best,   [Restaurant Management]"
1,Job Offer: Marketing Manager Role,"Hi Emily Harris,  Congratulations! We are excited to offer you the position of Marketing Manager at Global Innovations Agency. Your strategic marketing skills and leadership qualities align perfectly with our goals. The offer includes a competitive salary, benefits, and additional perks. Please review the attached offer letter for more details. We look forward to having you lead our marketing initiatives!  Warm regards, Daniel Carter Talent Acquisition Director Global Innovations Agency"
1,Action Required: Complete Your Analytical Thinking Test for Data Analyst Position,"Hello Jessica Brown,  We hope this email finds you in good spirits. Your application for the Data Analyst position at XYZ Analytics has been positively received. As the next step, we request you to complete an analytical thinking test designed for this role. Please follow the attached link to access the test. We appreciate your dedication to this process and anticipate your timely response.  Best, Michael Davis Hiring Manager XYZ Analytics"
1,Invitation to Complete Online Assessment for Software Engineer Position,"Dear John Smith,  We hope this message finds you well. We were impressed with your application for the Software Engineer position at ABC Tech Solutions. As the next step in our hiring process, we invite you to complete an online assessment to further evaluate your skills and compatibility with the role. Please find the link to the assessment attached. We appreciate your prompt attention to this matter and look forward to reviewing your results.  Best regards, Emily Johnson HR Manager ABC Tech Solutions"
1,Cognitive Ability Test: Graphic Designer Position,"Hey Samantha Garcia,  Greetings! Your application for the Graphic Designer position at Creative Designs Studio has caught our attention. As the next step, we invite you to take a cognitive ability test to assess your cognitive skills and creative thinking. Please find the link to the test attached. We value your commitment to this process and look forward to reviewing your results.  Cheers, Brandon Lewis Creative Director Creative Designs Studio"
1,Thank You – Excited to Explore the Possibilities!,"Hi Lily Thompson,  Your application for the Sales Representative position at Dynamic Solutions is received with enthusiasm. We value innovation and commitment, and we're excited about the prospect of having you contribute to our dynamic culture. Stay tuned for updates!  Best, Henry Turner CEO Dynamic Solutions"
0,Your Health and Wellness: Exclusive Fitness Tips,"Hello [Your Name],  We care about your well-being! In this email, we share exclusive fitness tips to help you maintain a healthy and active lifestyle. From workout routines to nutritious recipes, we've got you covered. Feel free to reach out if you have any health-related questions.  Best regards, The Wellness Team"
1,Job Offer: Senior Sales Manager Position,"Hi Michael Johnson,  Congratulations! We are excited to offer you the position of Senior Sales Manager at Sales Dynamics Corp. Your extensive sales experience and leadership qualities make you an excellent fit for our team. The offer includes a competitive salary, benefits, and additional incentives. Please review the attached offer letter for more details. We look forward to having you lead our sales efforts!  Best, Sophia Turner CEO Sales Dynamics Corp."
0,Your Feedback Matters! Take Our Survey.,"Dear [Customer Name],  We value your opinion! Please take a moment to participate in our customer feedback survey. Your insights are crucial for improving our products and services. Click the link below to get started.  Survey Link: [Survey Link]  Thank you for helping us serve you better!  Sincerely, [Your Company]"
0,New Job Opportunities Match Your Profile,"Hello [Your Name],  Great news! We've found new job opportunities that match your profile. Log in to your account to view and apply. Don't miss out on these exciting career prospects. We wish you success in your job search!  Best regards, The Job Matching Team"
1,Next Steps: Online Assessment for Marketing Coordinator Role,"Hi Alex Thompson,  Thank you for expressing interest in the Marketing Coordinator position at Innovate Marketing Agency. We believe your skills align well with our requirements. To proceed with your application, we kindly request you to complete an online assessment. The link to the assessment is provided here: [Assessment Link]. We appreciate your cooperation and look forward to gaining further insights into your capabilities.  Warm regards, Sarah Miller Talent Acquisition Specialist Innovate Marketing Agency"
0,Your Job Alert: Software Development Opportunities,"Hello [Your Name],  Exciting news! We've identified 5 new software development opportunities that match your preferences. Explore these roles and kickstart your career:  1. **Position:** Junior Software Engineer    **Company:** Tech Innovators Inc.    **Location:** San Francisco (On-site)    **Apply:** Easy Apply  2. **Position:** Full Stack Developer    **Company:** CodeCraft Solutions    **Location:** Remote    **Recruitment Status:** Actively recruiting    **Apply:** Easy Apply  3. **Position:** Software Development Intern    **Company:** CloudByte Technologies    **Location:** Bangalore (Hybrid)    **Apply:** See all jobs  4. **Position:** Backend Developer - Python    **Company:** ByteSprint Labs    **Location:** Berlin (On-site)    **Alumni Connections:** 2 company alumni    **Apply:** Easy Apply  5. **Position:** Mobile App Developer    **Company:** AppXperience Ltd.    **Location:** New York (Remote)    **Recruitment Status:** Actively recruiting    **Apply:** See all jobs  Don't miss out on these opportunities! Best of luck in your job search.  Best regards, The Job Alert Team"
1,Job Offer: Lead UX/UI Designer Role,"Hey David Rodriguez,  Congratulations! We are thrilled to offer you the position of Lead UX/UI Designer at Creative Innovations Studio. Your innovative design approach and leadership skills set you apart. The offer includes a competitive salary, benefits, and additional perks. Please review the attached offer letter for more details. We look forward to having you lead our design team!  Cheers, Sophie Turner Creative Director Creative Innovations Studio"
1,Final Interview Invitation for Human Resources Manager Position,"Dear Oliver Davis,  Congratulations! We are pleased to inform you that you have successfully passed the initial interview rounds for the Human Resources Manager position at People First Company. Your HR expertise has impressed us. We would like to invite you for the final interview to discuss your skills in more detail. Please reply with your availability, and we will arrange the interview. We appreciate your dedication to the process and look forward to the final stages of the hiring process.  Warm regards, Sophia Clark HR Director People First Company"
1,Next Steps: Cognitive Ability Test for Sales Representative Position,"Hi Lily Thompson,  Thank you for expressing interest in the Sales Representative position at Dynamic Solutions. To move forward, we request you to complete a cognitive ability test tailored to this role. The link to the test is provided here: [Test Link]. Your commitment to this process is highly valued, and we look forward to evaluating your results.  Best, Henry Turner CEO Dynamic Solutions"
0,Your Home Office Oasis: Productivity Tips,"Dear [Your Name],  Create a productive and comfortable home office with our tips and suggestions. From ergonomic setups to time management strategies, we share insights to enhance your remote work experience. If you have specific challenges, our home office experts are ready to assist.  Best regards, The Home Office Team"
0,New Job Alert: Marketing and Communications Roles,"Hi [Your Name],  Good news! We've found 4 exciting marketing and communications roles that align with your career interests. Check out the details below:  1. **Position:** Digital Marketing Specialist    **Company:** Insightful Marketing Agency    **Location:** London (Hybrid)    **Apply:** Easy Apply  2. **Position:** Communications Coordinator    **Company:** Global Impact Initiatives    **Location:** Washington, DC (On-site)    **Recruitment Status:** Actively recruiting    **Apply:** Easy Apply  3. **Position:** Social Media Manager    **Company:** TrendSet Connect    **Location:** Sydney (Remote)    **Apply:** See all jobs  4. **Position:** Public Relations Officer    **Company:** MediaMagnet Inc.    **Location:** Los Angeles (On-site)    **Alumni Connections:** 1 company alumni    **Apply:** Easy Apply  Explore these opportunities and take the next step in your marketing career!  Warm regards, The Job Alert Team"
1,Thank You for Your Interest in [Job Title] at [Company Name],"Thank you for your interest in the [Job Title] position at [Company Name] and for the time you invested in our interview process. We appreciate your enthusiasm and the effort you put into your application.  After careful consideration, we have chosen another candidate whose qualifications more closely match our current needs for this role. We understand this may be disappointing, but please know that your skills and experience are valued.  We will keep your application for future opportunities within [Company Name] that may be a better fit. If you have any questions or seek feedback on your interview, please feel free to reach out.  We appreciate your interest in [Company Name] and wish you the best in your job search."
1,Invitation for Final Interview: Software Engineer Position,"Dear John Smith,  Congratulations! We are pleased to inform you that you have successfully passed the initial interview rounds for the Software Engineer position at ABC Tech Solutions. Your qualifications and experiences have impressed us. We would like to invite you for the final interview to discuss your fit for the role in more detail. Please share your availability for the upcoming week. We appreciate your dedication and look forward to the next steps in the hiring process.  Best regards, Emily Johnson HR Manager ABC Tech Solutions"
0,Arts and Culture Feedback Survey,"Dear [Arts Enthusiast],  We value your perspective on arts and culture. Take our feedback survey to share your thoughts. Your input will contribute to the growth of the arts community.  Survey Link: [Survey Link]  Thank you for supporting the arts!  Warm regards,   [Arts Organization]"
0,Unlock the Chef in You: Cooking Tips and Recipes,"Hello [Your Name],  Enhance your culinary skills with our cooking tips and recipes. From quick weekday meals to gourmet delights, we share expert advice to help you become the chef you aspire to be. If you have specific recipe requests, feel free to let us know!  Cheers, The Culinary Team"
1,Take the Cognitive Ability Test for Financial Analyst Position Now,"Dear Daniel Wilson,  We appreciate your interest in the Financial Analyst position at Global Investments Corp. To proceed with your application, we request you to complete a cognitive ability test designed for this role. The test link is provided here: [Test Link]. We value your dedication to this process and look forward to evaluating your results.  Thank you, Olivia Turner HR Coordinator Global Investments Corp."
0,Your Recent Purchase Confirmation,"Dear [Your Name],  Thank you for your recent purchase with us! Your order [ORDERNUMBER] has been confirmed, and it will be shipped to you shortly. You can track the shipment using the link provided. If you have any questions or concerns, please contact our customer support.  Best regards, The Customer Service Team"
0,Tell Us About Your Event Experience!,"Hello [Event Attendee],  We hope you enjoyed our recent event! Your feedback is essential for us to enhance future events. Please take a few minutes to complete our satisfaction survey and share your thoughts.  Survey Link: [Survey Link]  Thank you for being a part of our community!  Best regards, [Event Organizer]"
0,Important Account Update: Action Required,"Dear [Your Name],  We recently detected unusual activity on your account. For your security, we request that you update your password by clicking on the link below. If you did not initiate this action, please contact our support immediately.  [Update Password Link]  Best regards, The Security Team"
0,Important: Update Your Privacy Settings,"Dear [Your Name],  In accordance with our updated privacy policy, we encourage you to review and update your privacy settings. Your privacy is important to us, and we want to ensure you have control over your data. Visit our website or click the link below to manage your settings.  [Privacy Settings Link]  Sincerely, The Privacy Team"
1,Action Required: Complete Your Cognitive Ability Test for Data Analyst Position,"Hello Jessica Brown,  We hope this message finds you in good spirits. Your application for the Data Analyst position at XYZ Analytics has been positively received. As the next step, we request you to complete a cognitive ability test designed for this role. Please follow the attached link to access the test. We appreciate your dedication to this process and anticipate your timely response.  Best, Michael Davis Hiring Manager XYZ Analytics"
1,Interview Invitation for Data Analyst Position,"Hello Jessica Brown,  We trust this email finds you in good spirits. Your application for the Data Analyst position at XYZ Analytics has stood out, and we would like to invite you for an interview. This is an opportunity for us to discuss your qualifications further. Please let us know your availability, and we will schedule the interview accordingly. We appreciate your interest in joining our team.  Best, Michael Davis Hiring Manager XYZ Analytics"
0,Your Academic Progress Update,"Dear [Your Name],  Stay informed about your academic progress with our latest update. View your grades, attendance, and upcoming assignments. If you have any concerns or need academic support, our advisors are here to assist you. Wishing you continued success in your studies!  Sincerely, The Academic Team"
1,Application Update: Sales Associate Role,"Hello Emma Baker,  We appreciate your interest in the Sales Associate position at Connect Retail. After careful consideration, we have decided to move forward with other candidates for this role. Your sales skills and enthusiasm are commendable. Please consider applying for future opportunities with us. Thank you for your understanding, and we wish you success in your career journey.  Best, Robert Miller Hiring Manager Connect Retail"
0,Technology Usage Survey,"Hi [Technology User],  We are interested in understanding your technology usage patterns. Please take a moment to complete our survey. Your insights will help us tailor our products to better suit your needs.  Survey Link: [Survey Link]  Thank you for being part of our tech community!  Sincerely,   [Tech Company]"
0,Participate in Our Annual Kaggle Survey!,"Hi [Name],  You're invited to take part in our sixth annual Kaggle Machine Learning and Data Science Survey!  We aim to gather insights from data scientists and aspiring data scientists to better understand our industry. The anonymized data will be publicly released for an exploratory analysis challenge. If you know anyone interested, feel free to forward them the survey link.  Survey Link: [Survey Link]  Best regards, [Your Name]"
0,Your Monthly Finances Report,"Hi [Your Name],  Stay informed about your finances with our monthly report. Track your expenses, monitor your budget, and set financial goals. If you have any questions or need assistance in managing your finances, our experts are here to help. Take control of your financial well-being!  Best regards, The Financial Team"
0,Help Us Improve! Take Our Product Survey,"Hi [Customer Name],  We are constantly striving to enhance our products and services. Your feedback is invaluable. Please take a moment to complete our product survey and share your thoughts.  Survey Link: [Survey Link]  Thank you for being a valued customer!  Best regards, [Your Company]"
1,Project Manager Position: Online Assessment Required,"Hi Rachel Miller,  Thank you for your application for the Project Manager position at Stellar Solutions. We are impressed with your background. As the next step, we request you to complete an online assessment specific to this role. The assessment link is attached for your convenience. Your commitment to this process is highly valued, and we look forward to reviewing your results.  Regards, Ethan Adams HR Director Stellar Solutions"
1,Job Offer: Senior Project Manager Position,"Hi Sarah Adams,  Congratulations on your success in the interview process! We are delighted to offer you the position of Senior Project Manager at Dynamic Projects Inc. Your proven project management skills and leadership experience make you an ideal fit. The offer includes a competitive salary, benefits, and additional perks. Please review the attached offer letter for more details. We look forward to having you lead our project teams!  Regards, Michael Turner HR Director Dynamic Projects Inc."
0,Your Bookworm's Paradise: Book Recommendations,"Dear [Your Name],  Escape into the world of literature with our book recommendations email. Discover captivating stories, explore different genres, and find your next favorite read. If you have specific genres in mind, let us know, and we'll tailor our recommendations!  Sincerely, The Bookworm Team"
0,Environmental Awareness Survey,"Hi [Environmentalist],  Your commitment to the environment is inspiring. Participate in our environmental awareness survey to share your insights. Your responses will contribute to sustainability initiatives.  Survey Link: [Survey Link]  Thank you for being an advocate for the planet!  Sincerely,   [Environmental Organization]"
0,Unlock Your Potential: Personal Development Webinar,"Dear [Your Name],  Embark on a journey of personal development with our upcoming webinar on [TOPIC]. Discover valuable insights, strategies, and tools to unlock your potential and achieve your goals. Register now to secure your spot. We look forward to empowering you!  Sincerely, The Development Team"
1,Job Offer: Senior Sales Associate Position,"Hello Taylor Davis,  Congratulations on your successful interview! We are pleased to offer you the position of Senior Sales Associate at Connect Retail Solutions. Your sales expertise and customer-centric approach make you a valuable addition to our sales team. The offer includes a competitive salary, benefits, and additional perks. Please review the attached offer letter for more details. We look forward to having you contribute to our sales success!  Best, Robert Turner Hiring Manager Connect Retail Solutions"
1,Job Offer: UX Designer Role,"Dear Kyle Anderson,  We are pleased to extend a job offer for the UX Designer position at Tech Innovations Inc. Your user experience design skills and creative mindset align perfectly with our vision. The offer includes a competitive salary, benefits, and other advantages. Please review the attached offer letter for detailed information. We are excited about the prospect of you joining our team. Congratulations!  Best regards, Victoria Foster Recruitment Manager Tech Innovations Inc."
1,Confirmation of Your Job Application,"Hello Jessica Brown,  This is to confirm that we have received your application for the Data Analyst position at XYZ Analytics. Thank you for your interest in joining our team. Our hiring team will carefully review your credentials, and you can expect to hear from us regarding the status of your application shortly.  Best, Michael Davis Hiring Manager XYZ Analytics"
0,Job Alert: Education and Teaching Positions Available,"Hi [Your Name],  Exciting times ahead for education and teaching professionals! We've identified 4 new positions that align with your passion for education. Check out the details below:  1. **Position:** Primary School Teacher    **Company:** EduVista Academy    **Location:** Toronto (Remote)    **Apply:** Easy Apply  2. **Position:** Educational Content Developer    **Company:** LearnHub Technologies    **Location:** Munich (On-site)    **Recruitment Status:** Actively recruiting    **Apply:** Easy Apply  3. **Position:** High School Math Tutor    **Company:** MathMinds Learning    **Location:** Sydney (Hybrid)    **Apply:** See all jobs  4. **Position:** University Lecturer    **Company:** AcademiaInnovate    **Location:** New York (On-site)    **Alumni Connections:** 2 company alumni    **Apply:** Easy Apply  Don't miss out on these education and teaching opportunities! Best of luck in your job search.  Warm regards, The Job Alert Team"
0,Library Services Survey,"Dear [Library Patron],  We want to ensure our library services meet your needs. Please take a moment to complete our library services survey. Your feedback will guide improvements for a better library experience.  Survey Link: [Survey Link]  Thank you for supporting our library!  Sincerely,   [Library Staff]"
1,Next Steps: Final Interview for Data Analyst Position,"Hello Jessica Brown,  Great news! You have successfully passed the preliminary interview rounds for the Data Analyst position at XYZ Analytics. Your skills and experiences have stood out, and we would like to invite you for the final interview. Please let us know your availability for the upcoming week. We appreciate your commitment to the process and look forward to the next phase of the interview process.  Best, Michael Davis Hiring Manager XYZ Analytics"
1,Thank You for Your Interest in [Job Title] at [Company Name],"Thank you for your interest in the [Job Title] position at [Company Name]. We appreciate your time and effort throughout the interview process.  After careful consideration, we regret to inform you that we have selected another candidate for the position. The decision was based on several factors, including the specific skills and experience required for the role, which we found to be more aligned with the selected candidate.  While your application demonstrated [mention some strengths], our team ultimately decided to move forward with a candidate who possessed stronger qualifications and experience directly related to the job requirements.  We understand that job searching can be a challenging process, and we encourage you to continue developing your skills and experience. We appreciate your interest in [Company Name], and your application will be kept on file for potential future openings that may be a better fit.  Thank you for your understanding, and we wish you the best of luck in your job search."
1,Interview Invitation: Sales Associate Role,"Hello Emma Baker,  Congratulations on making it to the next round! Your application for the Sales Associate position at Connect Retail has been selected for an interview. We would like to discuss your sales skills further. Please reply with your availability, and we will schedule the interview. We look forward to meeting you.  Best, Robert Miller Hiring Manager Connect Retail"
1,Job Offer: Senior Software Engineer Position,"Dear Alex Turner,  We are thrilled to offer you the position of Senior Software Engineer at Tech Innovations Corp. Your extensive experience and technical expertise make you an outstanding fit for our team. The offer includes a competitive salary, comprehensive benefits, and stock options. Please review the attached offer letter for detailed information. We look forward to welcoming you aboard and achieving great success together!  Best regards, Jessica Reynolds HR Manager Tech Innovations Corp."
1,Job Offer: Human Resources Manager Position,"Dear Oliver Davis,  We are pleased to extend a job offer for the Human Resources Manager position at People First Company. Your HR expertise and leadership qualities are exactly what we need. The offer includes a competitive salary, benefits, and other advantages. Please find the attached offer letter for detailed information. We look forward to having you as a key member of our HR team. Congratulations!  Warm regards, Sophia Clark HR Director People First Company"
1,Thank You for Your Interest in [Job Title] at [Company Name],"I hope you're doing well. I wanted to drop you a quick note to thank you for your interest in the [Job Title] role at [Company Name] and for the time you invested in our interview process. We were genuinely impressed by your enthusiasm and your qualifications.  After some careful consideration, we decided to go with another candidate whose skills were a closer match for our current needs. I understand it can be a bummer, but I want to stress that your skills and experience are genuinely appreciated.  Don't worry; we're keeping your application on file for potential future opportunities at [Company Name] that might be an even better fit. If you have any questions or want feedback on your interview, please feel free to hit us up.  Your candidacy left a great impression, and we're rooting for you to find the perfect opportunity that aligns perfectly with your skills and aspirations. Thanks for considering [Company Name], and we wish you all the best in your job hunt."
0,Stay Informed: Weekly News Digest,"Hi [Your Name],  Welcome to our weekly news digest! Stay informed with the latest headlines, trends, and insights. Whether you're interested in business, technology, or lifestyle, we've got you covered. Enjoy your reading and feel free to share your thoughts with us!  Best regards, The Editorial Team"
0,Upgrade Your Gaming Experience: Latest Releases,"Hello [Your Name],  Level up your gaming experience with our email on the latest releases. From upcoming titles to gaming accessories, we've got the inside scoop. If you have specific gaming preferences, let us know, and we'll tailor our recommendations!  Sincerely, The Gaming Team"
1,Analytical Aptitude Test: Graphic Designer Position,"Hey Samantha Garcia,  Greetings! Your application for the Graphic Designer position at Creative Designs Studio has caught our attention. As the next step, we invite you to take an analytical aptitude test to assess your cognitive and creative thinking. Please find the link to the test attached. We value your commitment to this process and look forward to reviewing your results.  Cheers, Brandon Lewis Creative Director Creative Designs Studio"
0,Your Job Alert: Health and Wellness Positions Available,"Hello [Your Name],  Exciting opportunities await in the health and wellness sector! We've identified 3 new positions that align with your passion for health and wellness. Dive into these roles and make a positive impact:  1. **Position:** Wellness Coach    **Company:** HealthVibe Solutions    **Location:** Toronto (Remote)    **Apply:** Easy Apply  2. **Position:** Nutrition Specialist    **Company:** NutriLife Wellness    **Location:** Munich (On-site)    **Recruitment Status:** Actively recruiting    **Apply:** Easy Apply  3. **Position:** Fitness Instructor    **Company:** FitForward Studios    **Location:** Sydney (Hybrid)    **Apply:** See all jobs  Don't miss the chance to contribute to health and wellness! Best of luck in your job search.  Best regards, The Job Alert Team"
1,Application Update: Software Engineer Position,"Dear John Smith,  Thank you for your interest in the Software Engineer position at ABC Tech Solutions. After careful consideration, we regret to inform you that we have chosen to move forward with other candidates who more closely match our current needs. We appreciate the time and effort you put into the application process and wish you success in your job search. Your skills and experience are impressive, and we hope our paths may cross again in the future.  Best regards, Emily Johnson HR Manager ABC Tech Solutions"
1,Thank You for Your Interest in [Job Title] at [Company Name],"We regret to inform you that your application for the [Job Title] position at [Company Name] has been rejected.  After thorough assessment, we have selected another candidate who was a more suitable fit for the role. We will not retain your application for any future opportunities.  Thank you for applying, and we wish you the best in your job search."
0,Your Monthly Newsletter Subscription,"Hi [Your Name],  Thank you for subscribing to our monthly newsletter! In this edition, we share exciting updates, expert tips, and exclusive offers. We hope you enjoy the content. If you have any suggestions or topics you'd like us to cover, feel free to reply to this email. Happy reading!  Best regards, The Newsletter Team"
1,Application Outcome: Project Manager Position,"Hi Rachel Miller,  We want to express our appreciation for your interest in the Project Manager position at Stellar Solutions. After careful review, we regret to inform you that we have selected another candidate for this role. Your project management skills are noteworthy, and we encourage you to consider applying for future opportunities with our organization. Thank you for your understanding, and we wish you success in your career endeavors.  Regards, Ethan Adams HR Director Stellar Solutions"
1,Next Steps: Cognitive Aptitude Test for Sales Representative Position,"Hi Lily Thompson,  Thank you for expressing interest in the Sales Representative position at Dynamic Solutions. To move forward, we request you to complete a cognitive aptitude test tailored to this role. The link to the test is provided here: [Test Link]. Your commitment to this process is highly valued, and we look forward to evaluating your results.  Best, Henry Turner CEO Dynamic Solutions"
1,Invitation for Final Interview: UX Designer Role,"Dear Kyle Anderson,  Congratulations on successfully passing the initial interview stages! Your application for the UX Designer position at Tech Innovations Inc. has been outstanding. We would like to invite you for the final interview to explore your user experience design skills in more detail. Please reply with your availability, and we will arrange the interview. We appreciate your commitment to the process and look forward to the final stages of the hiring process.  Best regards, Victoria Foster Recruitment Manager Tech Innovations Inc."
1,Job Offer: Financial Analyst Position,"Dear Daniel Wilson,  We are thrilled to extend a job offer for the Financial Analyst position at Global Investments Corp. Your financial expertise and analytical skills make you an ideal fit for our team. The offer includes a competitive salary, benefits, and other advantages. Please find the attached offer letter for detailed information. We look forward to welcoming you to our organization and achieving great success together. Congratulations!  Thank you, Olivia Turner HR Coordinator Global Investments Corp."
1,Next Steps: Cognitive Ability Test for Marketing Coordinator Role,"Hi Alex Thompson,  Thank you for your interest in the Marketing Coordinator position at Innovate Marketing Agency. To move forward with your application, we request you to complete a cognitive ability test. This test will assess your critical thinking skills and decision-making abilities. The link to the test is provided here: [Test Link]. We value your commitment to this process and look forward to reviewing your results.  Warm regards, Sarah Miller Talent Acquisition Specialist Innovate Marketing Agency"
0,Explore New Horizons: Travel Destination Recommendations,"Hi [Your Name],  Satisfy your wanderlust with our curated list of travel destinations. From exotic beaches to cultural landmarks, we highlight must-visit places around the world. Start planning your next adventure and make unforgettable memories!  Best regards, The Travel Team"
1,Analytical Aptitude Test: Project Manager Position,"Hi Rachel Miller,  Thank you for your application for the Project Manager position at Stellar Solutions. We are impressed with your background. As the next step, we request you to complete an analytical aptitude test specific to this role. The test link is attached for your convenience. Your commitment to this process is highly valued, and we look forward to reviewing your results.  Regards, Ethan Adams HR Director Stellar Solutions"
0,Your Pet's Health Matters: Veterinary Care Tips,"Hello [Your Name],  Ensure the well-being of your furry friend with our veterinary care tips. From nutrition advice to preventive care, we provide valuable insights to keep your pet healthy and happy. If you have specific questions, our vet experts are here to help.  Best regards, The Pet Care Team"
1,Invitation to Cognitive Ability Test for Software Engineer Position,"Dear John Smith,  We trust this email finds you well. As part of our thorough evaluation process for the Software Engineer position at ABC Tech Solutions, we would like to invite you to take a cognitive ability test. This test is designed to assess your problem-solving skills and analytical abilities. Please find the link to the test attached. We appreciate your dedication to this process and look forward to gaining further insights into your capabilities.  Best regards, Emily Johnson HR Manager ABC Tech Solutions"
1,Thank You for Your Job Application,"Dear John Smith,  We sincerely appreciate the time and effort you invested in applying for the Software Engineer position at ABC Tech Solutions. Your application is now under careful review, and we will contact you soon regarding the next steps in our hiring process.  Thank you for considering ABC Tech Solutions as your potential employer.  Best regards, Emily Johnson HR Manager ABC Tech Solutions"
1,Application Status: Sales Representative Position,"Hi Lily Thompson,  We want to express our gratitude for your interest in the Sales Representative position at Dynamic Solutions. After thorough consideration, we have decided to move forward with other candidates for this role. We appreciate your sales expertise and interpersonal skills. Please consider applying for future opportunities with us. Thank you for your understanding, and we wish you continued success in your career journey.  Best, Henry Turner CEO Dynamic Solutions"
1,Interview Invitation for Human Resources Manager Position,"Dear Oliver Davis,  We hope this email finds you well. Your application for the Human Resources Manager position at People First Company has intrigued us. We would like to invite you for an interview to discuss your HR expertise further. Please reply with your availability, and we will arrange the interview. We appreciate your interest.  Warm regards, Sophia Clark HR Director People First Company"
1,Final Interview Invitation: Project Manager Position,"Hi Rachel Miller,  Thank you for your excellent performance in the initial interview stages for the Project Manager position at Stellar Solutions. Your background and skills have impressed us. We would like to invite you for the final interview to discuss your project management experience in more detail. Please share your availability, and we will schedule the interview. We appreciate your dedication to the process and look forward to the final stages of the hiring process.  Regards, Ethan Adams HR Director Stellar Solutions"
0,New Job Opportunities: Project Management Roles,"Hello [Your Name],  Exciting news! We've curated 3 new project management roles tailored to your skills and interests. Check out the details below:  1. **Position:** Project Manager    **Company:** ProjectPro Solutions    **Location:** London (Hybrid)    **Apply:** Easy Apply  2. **Position:** Agile Project Coordinator    **Company:** ScrumMasters Inc.    **Location:** Remote    **Recruitment Status:** Actively recruiting    **Apply:** Easy Apply  3. **Position:** Program Management Specialist    **Company:** Stratify Projects Ltd.    **Location:** Berlin (On-site)    **Apply:** See all jobs  Explore these opportunities and take the next step in your project management career!  Best regards, The Job Alert Team"
0,Community Health Check: Take the Survey!,"Hello [Community Member],  Your well-being is important to us. Help us understand community health by participating in our survey. Your responses will contribute to initiatives promoting a healthier community.  Survey Link: [Survey Link]  Thank you for your commitment to community well-being!  Best,   [Community Organization]"
1,Invitation to Cognitive Ability Test for UX Designer Role,"Dear Kyle Anderson,  We hope this message finds you well. Your application for the UX Designer position at Tech Innovations Inc. has caught our eye. To proceed with your application, we kindly ask you to complete a cognitive ability test designed for this role. The link to the test is provided here: [Test Link]. We appreciate your dedication to this process and anticipate your timely response.  Best regards, Victoria Foster Recruitment Manager Tech Innovations Inc."
1,Sales Associate Role: Online Assessment Invitation,"Hello Emma Baker,  Greetings! Your application for the Sales Associate position at Connect Retail has caught our attention. To proceed with your application, we invite you to take an online assessment tailored to this role. Please find the link to the assessment attached. We appreciate your cooperation and look forward to gaining further insights into your capabilities.  Best, Robert Miller Hiring Manager Connect Retail"
1,Application Update: Graphic Designer Position,"Hey Samantha Garcia,  We appreciate your interest in the Graphic Designer position at Creative Designs Studio. After careful consideration, we have chosen to proceed with other candidates for this role. We value the skills and creativity you demonstrated in your application. Please consider applying for future opportunities with us. Thank you for your understanding, and we wish you success in your career journey.  Cheers, Brandon Lewis Creative Director Creative Designs Studio"
1,Big Thanks for Your Application!,"Hi Alex Thompson,  We just wanted to drop a quick note to express our gratitude for your recent application for the Marketing Coordinator position at Innovate Marketing Agency. We've received your information and are excited about the possibility of having you on our team!  Stay tuned for updates on the next steps. We're looking forward to the possibility of working together.  Warm regards, Sarah Miller Talent Acquisition Specialist Innovate Marketing Agency"
1,Your Application – Next Steps,"Hello Emma Baker,  Thank you for submitting your application for the Sales Associate position at Connect Retail. We're currently reviewing applications, and you can expect to hear from us regarding the next steps within the next two weeks.  Best, Robert Miller Hiring Manager Connect Retail"
1,Human Resources Manager Position: Complete Your Assessment,"Dear Oliver Davis,  We trust this email finds you well. Your application for the Human Resources Manager position at People First Company is appreciated. To move forward, we request you to complete an online assessment tailored to this role. Please follow the attached link to access the assessment. We value your dedication to this process and look forward to reviewing your results.  Warm regards, Sophia Clark HR Director People First Company"
1,Job Offer: Project Manager Position,"Hi Rachel Miller,  Congratulations! We are delighted to offer you the position of Project Manager at Stellar Solutions. Your project management experience and leadership skills are impressive, and we believe you will play a key role in our projects. The offer includes a competitive salary, benefits, and additional perks. Please review the attached offer letter for more details. We look forward to having you as part of our team!  Regards, Ethan Adams HR Director Stellar Solutions"
0,Your Tech Playlist: Must-Have Apps and Tools,"Hello [Your Name],  Enhance your tech-savvy lifestyle with our curated playlist of must-have apps and tools. From productivity to entertainment, we've selected the best tech companions. If you have specific preferences or need app recommendations, let us know!  Cheers, The Tech Playlist Team"
1,Action Required: Complete Your Data Analyst Position Assessment,"Hello Jessica Brown,  We trust this email finds you in good spirits. Your application for the Data Analyst position at XYZ Analytics has been positively received. To move forward, we request you to complete an online assessment tailored to this role. Please follow the attached link to access the assessment. We appreciate your dedication to this process and anticipate your timely response.  Best, Michael Davis Hiring Manager XYZ Analytics"
1,Application Outcome: Data Analyst Position,"Hello Jessica Brown,  Thank you for your application for the Data Analyst position at XYZ Analytics. After careful review, we regret to inform you that we have selected another candidate for this role. We appreciate your interest and the skills you brought to the table. Your application was highly competitive, and we encourage you to consider future opportunities with our organization. Wishing you continued success in your career.  Best, Michael Davis Hiring Manager XYZ Analytics"
0,Your Mindfulness Journey: Meditation and Wellness,"Dear [Your Name],  Embark on a mindfulness journey with our meditation and wellness email. From guided meditations to stress-relief techniques, we provide tools to enhance your mental well-being. If you have specific mindfulness goals, our experts are here to support you.  Sincerely, The Mindfulness Team"
1,Job Offer: Software Engineer Position,"Dear John Smith,  We are delighted to extend a formal job offer for the Software Engineer position at ABC Tech Solutions. Your skills and experiences align perfectly with what we are looking for, and we believe you will be a valuable addition to our team. The offer includes a competitive salary, benefits, and other perks. Please review the attached offer letter for detailed information. We hope to have you join our team and contribute to our success. Congratulations!  Best regards, Emily Johnson HR Manager ABC Tech Solutions"
1,Application Status: Financial Analyst Position,"Dear Daniel Wilson,  Thank you for your application for the Financial Analyst position at Global Investments Corp. After thorough consideration, we have decided to move forward with other candidates. We appreciate the time and effort you invested in the application process. Your financial expertise is commendable, and we encourage you to explore other opportunities with our organization in the future. Best wishes in your career pursuits.  Sincerely, Olivia Turner HR Coordinator Global Investments Corp."
0,Job Alert: Human Resources Positions Available,"Hi [Your Name],  Exciting times ahead! We've identified 4 new human resources positions that align with your expertise. Explore these roles and advance your career in HR:  1. **Position:** HR Generalist    **Company:** PeopleConnect Solutions    **Location:** San Francisco (On-site)    **Apply:** Easy Apply  2. **Position:** Talent Acquisition Specialist    **Company:** TalentHub International    **Location:** Remote    **Recruitment Status:** Actively recruiting    **Apply:** Easy Apply  3. **Position:** Employee Relations Manager    **Company:** HRHarmony Ltd.    **Location:** Sydney (Hybrid)    **Apply:** See all jobs  4. **Position:** Training and Development Officer    **Company:** LearnLinx Academy    **Location:** New York (On-site)    **Alumni Connections:** 2 company alumni    **Apply:** Easy Apply  Don't miss out on these HR opportunities! Best of luck in your job search.  Warm regards, The Job Alert Team"
1,Interview Invitation for Financial Analyst Position,"Dear Daniel Wilson,  Congratulations on making it to the next stage! Your application for the Financial Analyst position at Global Investments Corp. has been selected for an interview. We would like to discuss your financial expertise further. Please reply with your availability, and we will arrange the interview. Thank you for your interest.  Sincerely, Olivia Turner HR Coordinator Global Investments Corp."
1,Invitation for Interview: Software Engineer Position,"Dear John Smith,  We hope this message finds you well. We are pleased to inform you that your application for the Software Engineer position at ABC Tech Solutions has been shortlisted for the next stage. We would like to invite you for an interview to further discuss your qualifications and explore your fit for the role. Please let us know your availability for the upcoming week. We appreciate your interest and look forward to meeting you.  Best regards, Emily Johnson HR Manager ABC Tech Solutions"
0,Connect with Nature: Outdoor Adventure Ideas,"Hi [Your Name],  Reconnect with nature through our outdoor adventure ideas. From hiking trails to camping tips, we inspire you to explore the great outdoors. If you have specific destinations in mind or need gear recommendations, feel free to reach out!  Cheers, The Adventure Team"
0,Invitation to Exclusive Event: RSVP Today!,"Hello [Your Name],  You are cordially invited to our exclusive event on [DATE]. Join us for an evening of networking, entertainment, and valuable discussions. RSVP today to secure your spot. We look forward to welcoming you!  Best regards, The Event Planning Team"
1,Appreciation for Your Specialized Skills,"Dear Kyle Anderson,  We want to express our gratitude for your recent application for the UX Designer position at Tech Innovations Inc. Your expertise in user experience design caught our attention, and we look forward to delving deeper into how your skills align with our needs.  Best regards, Victoria Foster Recruitment Manager Tech Innovations Inc."
1,Thank You for Your Interest in [Job Title] at [Company Name],"We appreciate your interest in the [Job Title] position at [Company Name]. After careful consideration, we've selected another candidate whose qualifications align more closely with our needs for this role.  Your application will remain on file for future opportunities. If you have questions or need feedback, please feel free to reach out.  Thank you for considering [Company Name], and best of luck with your job search."
0,"Your Style, Your Way: Fashion Trends Update","Hi [Your Name],  Stay on top of fashion trends with our style update. From runway looks to streetwear inspiration, we bring you the latest in fashion. If you have specific fashion queries or want personalized styling advice, our fashion experts are here for you.  Best regards, The Style Team"
1,Final Interview Invitation: Marketing Coordinator Role,"Hi Alex Thompson,  Congratulations on making it through the initial interview stages! We are impressed with your skills and experiences for the Marketing Coordinator position at Innovate Marketing Agency. We would like to invite you for the final interview to explore your fit for the team. Please reply with your availability, and we will schedule the interview accordingly. We look forward to the final stages of the hiring process.  Warm regards, Sarah Miller Talent Acquisition Specialist Innovate Marketing Agency"
1,Job Offer: Senior UX Designer Role,"Dear Emma Carter,  We are pleased to extend a job offer for the Senior UX Designer position at Tech Innovate Solutions. Your exceptional user experience design skills and creativity make you a standout candidate. The offer includes a competitive salary, benefits, and opportunities for career growth. Please find the attached offer letter for detailed information. We look forward to having you elevate our user experience design!  Best regards, Daniel Foster Recruitment Manager Tech Innovate Solutions"
0,Job Alert: Environmental Sustainability Roles Available,"Hi [Your Name],  Exciting times ahead for environmental sustainability enthusiasts! We've identified 4 new positions that align with your passion for sustainability. Check out the details below:  1. **Position:** Environmental Policy Analyst    **Company:** EcoImpact Solutions    **Location:** San Francisco (On-site)    **Apply:** Easy Apply  2. **Position:** Renewable Energy Specialist    **Company:** GreenPower Innovations    **Location:** Remote    **Recruitment Status:** Actively recruiting    **Apply:** Easy Apply  3. **Position:** Climate Action Coordinator    **Company:** EarthSavers Coalition    **Location:** Berlin (On-site)    **Apply:** See all jobs  4. **Position:** Sustainability Researcher    **Company:** SustainHub Institute    **Location:** New York (Hybrid)    **Alumni Connections:** 1 company alumni    **Apply:** Easy Apply  Don't miss out on these sustainability opportunities! Best of luck in your job search.  Warm regards, The Job Alert Team"
1,Final Interview Invitation: Graphic Designer Position,"Hey Samantha Garcia,  Congratulations on advancing to the final interview stage! Your application for the Graphic Designer position at Creative Designs Studio has been impressive. We would like to invite you for the final interview to discuss your creative approach in more detail. Please find a time in your schedule for the upcoming week. We appreciate your dedication and look forward to the final stages of the hiring process.  Cheers, Brandon Lewis Creative Director Creative Designs Studio"
1,Thank You for Your Interest in [Job Title] at [Company Name],"I hope this message finds you well. I want to express my sincere gratitude for your interest in the [Job Title] position at [Company Name] and for the dedication you showed throughout our interview process. Your enthusiasm and qualifications were truly impressive.  After careful consideration, we have decided to move forward with another candidate whose skills more closely align with our current requirements for this role. I understand this news may be disappointing, but please remember that your skills and experience are highly regarded.  Your application will remain in our records for future opportunities within [Company Name] that may be a better match. If you have any questions or would like feedback on your interview, please don't hesitate to reach out.  I want to emphasize that your candidacy left a positive impression, and we sincerely hope our paths cross again in the future. Your talent is unmistakable, and I am confident that you will find the right opportunity that aligns perfectly with your qualifications and aspirations.  Thank you for considering [Company Name] as a potential employer. We wish you the very best in your ongoing job search."
1,Job Offer: Sales Representative Position,"Hi Lily Thompson,  Congratulations! We are excited to offer you the position of Sales Representative at Dynamic Solutions. Your sales experience and interpersonal skills make you an excellent fit for our team. The offer includes a competitive salary, benefits, and additional perks. Please review the attached offer letter for more details. We look forward to having you contribute to our sales success!  Best, Henry Turner CEO Dynamic Solutions"
1,Next Steps: Sales Representative Position Assessment,"Hi Lily Thompson,  Thank you for expressing interest in the Sales Representative position at Dynamic Solutions. To move forward, we request you to complete an online assessment tailored to this role. The link to the assessment is provided here: [Assessment Link]. Your commitment to this process is highly valued, and we look forward to evaluating your results.  Best, Henry Turner CEO Dynamic Solutions"
0,Traveler Feedback Survey,"Hi [Traveler Name],  We hope your recent travels were enjoyable. Share your experiences with us through our traveler feedback survey. Your insights will help us enhance the travel experience for all our customers.  Survey Link: [Survey Link]  Safe travels!  Warm regards,   [Travel Company]"
1,Invitation for Interview: UX Designer Role,"Dear Kyle Anderson,  We hope this message finds you well. Your application for the UX Designer position at Tech Innovations Inc. has caught our attention. We would like to invite you for an interview to learn more about your user experience design skills. Please reply with your availability, and we will arrange the interview. We appreciate your interest.  Best regards, Victoria Foster Recruitment Manager Tech Innovations Inc."
1,Job Offer: Senior Financial Analyst Position,"Dear Ethan Harris,  We are excited to extend a job offer for the Senior Financial Analyst position at Global Finance Solutions. Your in-depth financial analysis skills and strategic thinking make you a key asset to our finance team. The offer includes a competitive salary, benefits, and additional incentives. Please review the attached offer letter for detailed information. We look forward to having you contribute to our financial success!  Thank you, Olivia Robinson HR Coordinator Global Finance Solutions"
1,Application Update: UX Designer Role,"Dear Kyle Anderson,  Thank you for your application for the UX Designer position at Tech Innovations Inc. After careful consideration, we have chosen to move forward with other candidates who better align with our current needs. We appreciate the creative skills you brought to the application process. Please consider applying for future opportunities with us. Wishing you all the best in your career.  Best regards, Victoria Foster Recruitment Manager Tech Innovations Inc."
0,Your Garden's Best Friend: Gardening Tips and Tricks,"Hi [Your Name],  Transform your garden into a green paradise with our gardening tips and tricks. From planting guides to seasonal care, we share insights to make your garden thrive. If you have specific questions about your plants, our gardening experts are here to assist.  Best regards, The Gardening Team"
1,Acknowledgment of Your Application,"Dear Daniel Wilson,  We acknowledge receipt of your application for the Financial Analyst position at Global Investments Corp. Your qualifications are currently being reviewed, and we will contact you with further details shortly.  Thank you for your interest in Global Investments Corp.  Sincerely, Olivia Turner HR Coordinator Global Investments Corp."
1,Application Status: Marketing Coordinator Role,"Hi Alex Thompson,  We want to express our gratitude for your interest in the Marketing Coordinator position at Innovate Marketing Agency. After careful consideration, we have decided to move forward with other candidates at this time. We appreciate the effort you put into the application process and value your skills. Please consider applying for future opportunities with us. We wish you the best in your career endeavors.  Warm regards, Sarah Miller Talent Acquisition Specialist Innovate Marketing Agency"
1,Final Interview Invitation: Sales Associate Role,"Hello Emma Baker,  Congratulations on advancing to the final round! Your application for the Sales Associate position at Connect Retail has been selected for the final interview. We would like to discuss your sales skills in more detail. Please reply with your availability for the upcoming week. We appreciate your commitment to the process and look forward to the final stages of the hiring process.  Best, Robert Miller Hiring Manager Connect Retail"
1,Exciting Times Ahead – Thanks for Applying!,"Hey Samantha Garcia,  Your application for the Graphic Designer position at Creative Designs Studio has brightened our day! Thanks for sharing your skills and experience with us. Our team is looking forward to diving into the details and discovering the potential match.  Cheers, Brandon Lewis Creative Director Creative Designs Studio"
1,Interview Invitation: Marketing Coordinator Role,"Hi Alex Thompson,  Congratulations! Your application for the Marketing Coordinator position at Innovate Marketing Agency has caught our attention. We are pleased to invite you for an interview to delve deeper into your experiences and skills. Please reply to this email with your preferred time for the interview, and we will arrange accordingly. We look forward to getting to know you better.  Warm regards, Sarah Miller Talent Acquisition Specialist Innovate Marketing Agency"
1,Thank You for Your Meticulous Application,"Dear Oliver Davis,  We appreciate the care and detail you put into your application for the Human Resources Manager position at People First Company. Your thoroughness does not go unnoticed, and we're eager to delve into your qualifications further.  Warm regards, Sophia Clark HR Director People First Company"
1,Sales Associate Role: Cognitive Ability Test Invitation,"Hello Emma Baker,  Greetings! Your application for the Sales Associate position at Connect Retail has caught our attention. To proceed with your application, we invite you to take a cognitive ability test tailored to this role. Please find the link to the test attached. We appreciate your cooperation and look forward to gaining further insights into your capabilities.  Best, Robert Miller Hiring Manager Connect Retail"
1,Invitation to UX Designer Role Assessment,"Dear Kyle Anderson,  We hope this message finds you well. Your application for the UX Designer position at Tech Innovations Inc. has caught our eye. To proceed with your application, we kindly ask you to complete an online assessment designed for this role. The link to the assessment is provided here: [Assessment Link]. We appreciate your dedication to this process and anticipate your timely response.  Best regards, Victoria Foster Recruitment Manager Tech Innovations Inc."
1,Job Offer: Director of Human Resources Role,"Dear Christopher Baker,  We are thrilled to extend a job offer for the Director of Human Resources position at People First Solutions. Your strategic HR vision and leadership experience make you the ideal candidate for this role. The offer includes a competitive salary, benefits, and additional perks. Please review the attached offer letter for detailed information. We look forward to having you lead our HR initiatives!  Warm regards, Olivia Clark HR Director People First Solutions"
0,Job Alert: Data Science and Analytics Openings,"Hello [Your Name],  Exciting times ahead! We've discovered 3 new data science and analytics openings that match your skill set. Dive into these opportunities:  1. **Position:** Data Scientist    **Company:** AnalyticsPro Solutions    **Location:** Toronto (Remote)    **Apply:** Easy Apply  2. **Position:** Machine Learning Engineer    **Company:** DataGenius Tech    **Location:** Munich (On-site)    **Recruitment Status:** Actively recruiting    **Apply:** Easy Apply  3. **Position:** Business Intelligence Analyst    **Company:** InfoInsights Ltd.    **Location:** Singapore (Hybrid)    **Apply:** See all jobs  Don't miss the chance to advance your career in the field of data science and analytics!  Best regards, The Job Alert Team"
0,Tech Enthusiast Update: Latest Gadgets and Trends,"Hello [Your Name],  Stay ahead in the tech world with our latest gadgets and trends update. From cutting-edge devices to tech innovations, we bring you the highlights that every tech enthusiast should know. Dive into the future of technology!  Cheers, The Tech Team"
0,Fitness Center Member Survey,"Hello [Fitness Enthusiast],  Your fitness journey matters to us! Participate in our member survey to let us know how we can better serve you. Your feedback will shape the future of our fitness center.  Survey Link: [Survey Link]  Stay active and healthy!  Best,   [Fitness Center Team]"
1,Interview Invitation: Sales Representative Position,"Hi Lily Thompson,  Congratulations! Your application for the Sales Representative position at Dynamic Solutions has been selected for the interview stage. We would like to discuss your sales experience further. Please let us know your availability, and we will schedule the interview. We look forward to meeting you.  Best, Henry Turner CEO Dynamic Solutions"
0,New Job Opportunities: Legal and Compliance Roles,"Hello [Your Name],  Exciting news! We've curated 3 new legal and compliance roles tailored to your skills and expertise. Check out the details below:  1. **Position:** Compliance Officer    **Company:** ReguLaw Associates    **Location:** London (Hybrid)    **Apply:** Easy Apply  2. **Position:** Legal Counsel    **Company:** LegalEase Solutions    **Location:** Remote    **Recruitment Status:** Actively recruiting    **Apply:** Easy Apply  3. **Position:** Contract Analyst    **Company:** ContractGuard Ltd.    **Location:** Sydney (On-site)    **Apply:** See all jobs  Explore these opportunities and take the next step in your legal and compliance career!  Best regards, The Job Alert Team"
0,Your Creative Journey: Artistic Inspiration Inside,"Dear [Your Name],  Ignite your creativity with our artistic inspiration email. Explore new techniques, discover emerging artists, and find inspiration for your next creative project. Don't hesitate to share your creations with us—we'd love to feature them!  Sincerely, The Creative Team"
0,Your Flight Itinerary for [DATE],"Dear [Your Name],  Your flight itinerary for [DATE] is attached to this email. Please review the details, including departure and arrival times, gate information, and baggage allowances. If you have any questions or need assistance, contact our customer service. Have a safe and pleasant journey!  Sincerely, The Airline Team"
1,Job Offer: Senior Data Scientist Position,"Hello Michelle Lee,  We are pleased to extend a job offer for the Senior Data Scientist position at Data Dynamics Inc. Your advanced analytical skills and research experience make you a valuable addition to our data science team. The offer includes a competitive salary, benefits, and opportunities for professional development. Please find the attached offer letter for detailed information. We look forward to having you contribute to our data-driven success!  Best, Andrew Mitchell Hiring Manager Data Dynamics Inc."
1,Interview Invitation: Project Manager Position,"Hi Rachel Miller,  Thank you for your application for the Project Manager position at Stellar Solutions. We are impressed with your qualifications, and we would like to invite you for an interview to discuss your project management experience. Please share your availability, and we will schedule the interview accordingly. We look forward to meeting you.  Regards, Ethan Adams HR Director Stellar Solutions"
0,Celebrate Special Moments: Exclusive Offers Inside,"Hello [Your Name],  Celebrate life's special moments with exclusive offers! Whether it's birthdays, anniversaries, or just because, we have curated a collection of special gifts and discounts for you. Visit our website or use code [CELEBRATE] at checkout. Make every moment memorable!  Cheers, The Celebration Team"
1,Next Steps: Analytical Skills Test for Marketing Coordinator Role,"Hi Alex Thompson,  Thank you for your interest in the Marketing Coordinator position at Innovate Marketing Agency. To move forward with your application, we request you to complete an analytical skills test. This test will assess your critical thinking and analytical abilities. The link to the test is provided here: [Test Link]. We value your commitment to this process and look forward to reviewing your results.  Warm regards, Sarah Miller Talent Acquisition Specialist Innovate Marketing Agency"
0,Student Satisfaction Survey,"Dear [Student Name],  We want to ensure your experience with our institution is positive. Please participate in our student satisfaction survey to help us identify areas for improvement. Your input is crucial.  Survey Link: [Survey Link]  Thank you for being part of our educational community!  Sincerely, [School/University Name]"
0,Revamp Your Home: Interior Design Trends,"Hello [Your Name],  Elevate your living space with the latest interior design trends. From color schemes to furniture styles, we provide inspiration to revamp your home. If you have questions about specific design elements, our experts are ready to help.  Best regards, The Design Team"
1,Job Offer: Marketing Coordinator Role,"Hi Alex Thompson,  Congratulations! We are thrilled to offer you the position of Marketing Coordinator at Innovate Marketing Agency. Your skills and enthusiasm stood out, and we believe you will bring a fresh perspective to our team. The offer includes a competitive salary, benefits, and additional perks. Please review the attached offer letter for more details. We look forward to welcoming you to our team and embarking on this exciting journey together.  Warm regards, Sarah Miller Talent Acquisition Specialist Innovate Marketing Agency"
1,Interview Invitation: Graphic Designer Position,"Hey Samantha Garcia,  Greetings! Your application for the Graphic Designer position at Creative Designs Studio has impressed us. We are pleased to invite you for an interview to learn more about your creative approach and experiences. Kindly share your availability, and we will schedule the interview accordingly. We look forward to meeting you.  Cheers, Brandon Lewis Creative Director Creative Designs Studio"
0,We Want to Hear from You! Employee Engagement Survey,"Dear [Employee Name],  Your opinions matter! Please participate in our employee engagement survey to help us create a better workplace. Your responses will remain confidential, and your insights will contribute to positive changes.  Survey Link: [Survey Link]  Thank you for being a valuable member of our team!  Sincerely, [Company HR]"
1,Final Interview Invitation for Financial Analyst Position,"Dear Daniel Wilson,  Congratulations! Your performance in the earlier interview rounds for the Financial Analyst position at Global Investments Corp. has been outstanding. We would like to invite you for the final interview to delve deeper into your financial expertise. Please reply with your availability, and we will arrange the interview. We appreciate your dedication to the process and look forward to the final stages of the hiring process.  Thank you, Olivia Turner HR Coordinator Global Investments Corp."
1,Sales Associate Role: Analytical Aptitude Test Invitation,"Hello Emma Baker,  Greetings! Your application for the Sales Associate position at Connect Retail has caught our attention. To proceed with your application, we invite you to take an analytical aptitude test tailored to this role. Please find the link to the test attached. We appreciate your cooperation and look forward to gaining further insights into your capabilities.  Best, Robert Miller Hiring Manager Connect Retail"
0,Exclusive Offers Inside: Limited Time Only!,"Hello [Your Name],  As a valued customer, we're excited to offer you exclusive discounts on our latest products. Don't miss out on these limited-time offers! Visit our website or use code [DISCOUNTCODE] at checkout. Thank you for choosing us for your shopping needs.  Sincerely, The Sales Team"
1,Cognitive Ability Test: Project Manager Position,"Hi Rachel Miller,  Thank you for your application for the Project Manager position at Stellar Solutions. We are impressed with your background. As the next step, we request you to complete a cognitive ability test specific to this role. The test link is attached for your convenience. Your commitment to this process is highly valued, and we look forward to reviewing your results.  Regards, Ethan Adams HR Director Stellar Solutions"
0,Your Job Alert: Finance and Accounting Positions Available,"Hi [Your Name],  Exciting opportunities await! We've identified 4 finance and accounting positions that align with your expertise. Explore these roles and elevate your career:  1. **Position:** Financial Analyst    **Company:** FinanceMaster Solutions    **Location:** Chicago (On-site)    **Apply:** Easy Apply  2. **Position:** Accounting Manager    **Company:** AuditAxis Incorporated    **Location:** Remote    **Recruitment Status:** Actively recruiting    **Apply:** Easy Apply  3. **Position:** Tax Consultant    **Company:** TaxWise Consulting    **Location:** Sydney (Hybrid)    **Apply:** See all jobs  4. **Position:** Corporate Finance Associate    **Company:** CapitalStrategix    **Location:** New York (On-site)    **Alumni Connections:** 3 company alumni    **Apply:** Easy Apply  Don't miss out on these finance and accounting opportunities! Best of luck in your job search.  Warm regards, The Job Alert Team"
1,Job Offer: Data Analyst Position,"Hello Jessica Brown,  We are pleased to offer you the position of Data Analyst at XYZ Analytics. Your analytical skills and attention to detail are exactly what we need for this role. The offer includes a competitive salary, benefits, and other advantages. Please find the attached offer letter for comprehensive details. We are excited about the prospect of you joining our team and contributing to our success. Congratulations!  Best, Michael Davis Hiring Manager XYZ Analytics"
1,Job Offer: Sales Associate Role,"Hello Emma Baker,  Congratulations! We are thrilled to offer you the position of Sales Associate at Connect Retail. Your sales skills and customer-centric approach make you an ideal candidate for this role. The offer includes a competitive salary, benefits, and additional perks. Please review the attached offer letter for more information. We look forward to having you as part of our sales team!  Best, Robert Miller Hiring Manager Connect Retail"
1,Take the Analytical Thinking Test for Financial Analyst Position Now,"Dear Daniel Wilson,  We appreciate your interest in the Financial Analyst position at Global Investments Corp. To proceed with your application, we request you to complete an analytical thinking test designed for this role. The test link is provided here: [Test Link]. We value your dedication to this process and look forward to evaluating your results.  Thank you, Olivia Turner HR Coordinator Global Investments Corp."
1,Human Resources Manager Position: Complete Your Cognitive Thinking Test,"Dear Oliver Davis,  We trust this email finds you well. Your application for the Human Resources Manager position at People First Company is appreciated. To move forward, we request you to complete a cognitive thinking test tailored to this role. Please follow the attached link to access the test. We value your dedication to this process and look forward to reviewing your results.  Warm regards, Sophia Clark HR Director People First Company"
1,Take the Financial Analyst Position Assessment Now,"Dear Daniel Wilson,  We appreciate your interest in the Financial Analyst position at Global Investments Corp. To proceed with your application, we request you to complete an online assessment designed for this role. The assessment link is provided here: [Assessment Link]. We value your dedication to this process and look forward to evaluating your results.  Thank you, Olivia Turner HR Coordinator Global Investments Corp."
1,Invitation to Analytical Skills Test for UX Designer Role,"Dear Kyle Anderson,  We hope this message finds you well. Your application for the UX Designer position at Tech Innovations Inc. has caught our eye. To proceed with your application, we kindly ask you to complete an analytical skills test designed for this role. The link to the test is provided here: [Test Link]. We appreciate your dedication to this process and anticipate your timely response.  Best regards, Victoria Foster Recruitment Manager Tech Innovations Inc."
1,Job Offer: Graphic Designer Position,"Hey Samantha Garcia,  Congratulations! We are excited to offer you the position of Graphic Designer at Creative Designs Studio. Your creativity and design skills set you apart, and we believe you will make significant contributions to our projects. The offer includes a competitive salary, benefits, and additional perks. Please review the attached offer letter for more information. We look forward to having you on board!  Cheers, Brandon Lewis Creative Director Creative Designs Studio"
1,Invitation to Problem-Solving Assessment for Software Engineer Position,"Dear John Smith,  We hope this message finds you well. As part of our thorough evaluation process for the Software Engineer position at ABC Tech Solutions, we would like to invite you to take a problem-solving assessment. This test is designed to assess your critical thinking skills and problem-solving abilities. Please find the link to the assessment attached. We appreciate your dedication to this process and look forward to gaining further insights into your capabilities.  Best regards, Emily Johnson HR Manager ABC Tech Solutions"
0,Get Ready for [SEASON] with Our New Collection,"Hi [Your Name],  Exciting news! Our new [SEASON] collection has arrived. Explore the latest trends, vibrant colors, and must-have styles. Visit our stores or shop online to elevate your wardrobe for the season. Happy shopping!  Best regards, The Fashion Team"
1,Human Resources Manager Position: Complete Your Cognitive Ability Test,"Dear Oliver Davis,  We trust this email finds you well. Your application for the Human Resources Manager position at People First Company is appreciated. To move forward, we request you to complete a cognitive ability test tailored to this role. Please follow the attached link to access the test. We value your dedication to this process and look forward to reviewing your results.  Warm regards, Sophia Clark HR Director People First Company"
