label,subject,body
1,Next Steps: Sales Representative Position Assessment,"Hi Lily Thompson,  Thank you for expressing interest in the Sales Representative position at Dynamic Solutions. To move forward, we request you to complete an online assessment tailored to this role. The link to the assessment is provided here: [Assessment Link]. Your commitment to this process is highly valued, and we look forward to evaluating your results.  Best, Henry Turner CEO Dynamic Solutions"
1,Take the Analytical Thinking Test for Financial Analyst Position Now,"Dear Daniel Wilson,  We appreciate your interest in the Financial Analyst position at Global Investments Corp. To proceed with your application, we request you to complete an analytical thinking test designed for this role. The test link is provided here: [Test Link]. We value your dedication to this process and look forward to evaluating your results.  Thank you, Olivia Turner HR Coordinator Global Investments Corp."
2,Next Steps: Final Interview for Data Analyst Position,"Hello Jessica Brown,  Great news! You have successfully passed the preliminary interview rounds for the Data Analyst position at XYZ Analytics. Your skills and experiences have stood out, and we would like to invite you for the final interview. Please let us know your availability for the upcoming week. We appreciate your commitment to the process and look forward to the next phase of the interview process.  Best, Michael Davis Hiring Manager XYZ Analytics"
2,Final Interview Invitation for Human Resources Manager Position,"Dear Oliver Davis,  Congratulations! We are pleased to inform you that you have successfully passed the initial interview rounds for the Human Resources Manager position at People First Company. Your HR expertise has impressed us. We would like to invite you for the final interview to discuss your skills in more detail. Please reply with your availability, and we will arrange the interview. We appreciate your dedication to the process and look forward to the final stages of the hiring process.  Warm regards, Sophia Clark HR Director People First Company"
1,Next Steps: Cognitive Ability Test for Sales Representative Position,"Hi Lily Thompson,  Thank you for expressing interest in the Sales Representative position at Dynamic Solutions. To move forward, we request you to complete a cognitive ability test tailored to this role. The link to the test is provided here: [Test Link]. Your commitment to this process is highly valued, and we look forward to evaluating your results.  Best, Henry Turner CEO Dynamic Solutions"
1,Action Required: Complete Your Analytical Thinking Test for Data Analyst Position,"Hello Jessica Brown,  We hope this email finds you in good spirits. Your application for the Data Analyst position at XYZ Analytics has been positively received. As the next step, we request you to complete an analytical thinking test designed for this role. Please follow the attached link to access the test. We appreciate your dedication to this process and anticipate your timely response.  Best, Michael Davis Hiring Manager XYZ Analytics"
1,Invitation to Complete Online Assessment for Software Engineer Position,"Dear John Smith,  We hope this message finds you well. We were impressed with your application for the Software Engineer position at ABC Tech Solutions. As the next step in our hiring process, we invite you to complete an online assessment to further evaluate your skills and compatibility with the role. Please find the link to the assessment attached. We appreciate your prompt attention to this matter and look forward to reviewing your results.  Best regards, Emily Johnson HR Manager ABC Tech Solutions"
4,Job Application Update: [Job Title] Position at [Company Name],"We appreciate your interest in the [Job Title] position at [Company Name]. After careful consideration, we've selected another candidate whose qualifications align more closely with our needs for this role.  Your application will remain on file for future opportunities. If you have questions or need feedback, please feel free to reach out.  Thank you for considering [Company Name], and best of luck with your job search."
1,Take the Cognitive Ability Test for Financial Analyst Position Now,"Dear Daniel Wilson,  We appreciate your interest in the Financial Analyst position at Global Investments Corp. To proceed with your application, we request you to complete a cognitive ability test designed for this role. The test link is provided here: [Test Link]. We value your dedication to this process and look forward to evaluating your results.  Thank you, Olivia Turner HR Coordinator Global Investments Corp."
1,Online Coding Challenge: Graphic Designer Position,"Hey Samantha Garcia,  Greetings! Your application for the Graphic Designer position at Creative Designs Studio has caught our attention. As the next step, we invite you to take an online coding challenge to assess your technical skills. Please find the link to the challenge attached. We value your commitment to this process and look forward to reviewing your results.  Cheers, Brandon Lewis Creative Director Creative Designs Studio"
4,Job Application Outcome: [Job Title] at [Company Name],"I hope this message finds you well. I want to express my sincere gratitude for your interest in the [Job Title] position at [Company Name] and for the dedication you showed throughout our interview process. Your enthusiasm and qualifications were truly impressive.  After careful consideration, we have decided to move forward with another candidate whose skills more closely align with our current requirements for this role. I understand this news may be disappointing, but please remember that your skills and experience are highly regarded.  Your application will remain in our records for future opportunities within [Company Name] that may be a better match. If you have any questions or would like feedback on your interview, please don't hesitate to reach out.  I want to emphasize that your candidacy left a positive impression, and we sincerely hope our paths cross again in the future. Your talent is unmistakable, and I am confident that you will find the right opportunity that aligns perfectly with your qualifications and aspirations.  Thank you for considering [Company Name] as a potential employer. We wish you the very best in your ongoing job search."
4,Thank You for Your Interest in [Job Title] at [Company Name],"I hope you're doing well. I wanted to drop you a quick note to thank you for your interest in the [Job Title] role at [Company Name] and for the time you invested in our interview process. We were genuinely impressed by your enthusiasm and your qualifications.  After some careful consideration, we decided to go with another candidate whose skills were a closer match for our current needs. I understand it can be a bummer, but I want to stress that your skills and experience are genuinely appreciated.  Don't worry; we're keeping your application on file for potential future opportunities at [Company Name] that might be an even better fit. If you have any questions or want feedback on your interview, please feel free to hit us up.  Your candidacy left a great impression, and we're rooting for you to find the perfect opportunity that aligns perfectly with your skills and aspirations. Thanks for considering [Company Name], and we wish you all the best in your job hunt."
3,Job Offer: UX Designer Role,"Dear Kyle Anderson,  We are pleased to extend a job offer for the UX Designer position at Tech Innovations Inc. Your user experience design skills and creative mindset align perfectly with our vision. The offer includes a competitive salary, benefits, and other advantages. Please review the attached offer letter for detailed information. We are excited about the prospect of you joining our team. Congratulations!  Best regards, Victoria Foster Recruitment Manager Tech Innovations Inc."
1,Invitation to Cognitive Ability Test for UX Designer Role,"Dear Kyle Anderson,  We hope this message finds you well. Your application for the UX Designer position at Tech Innovations Inc. has caught our eye. To proceed with your application, we kindly ask you to complete a cognitive ability test designed for this role. The link to the test is provided here: [Test Link]. We appreciate your dedication to this process and anticipate your timely response.  Best regards, Victoria Foster Recruitment Manager Tech Innovations Inc."
4,Job Application Outcome: [Job Title] at [Company Name],"Thank you for your interest in the [Job Title] position at [Company Name]. We appreciate your time and effort throughout the interview process.  After careful consideration, we regret to inform you that we have selected another candidate for the position. The decision was based on several factors, including the specific skills and experience required for the role, which we found to be more aligned with the selected candidate.  While your application demonstrated [mention some strengths], our team ultimately decided to move forward with a candidate who possessed stronger qualifications and experience directly related to the job requirements.  We understand that job searching can be a challenging process, and we encourage you to continue developing your skills and experience. We appreciate your interest in [Company Name], and your application will be kept on file for potential future openings that may be a better fit.  Thank you for your understanding, and we wish you the best of luck in your job search."
0,Exciting Times Ahead – Thanks for Applying!,"Hey Samantha Garcia,  Your application for the Graphic Designer position at Creative Designs Studio has brightened our day! Thanks for sharing your skills and experience with us. Our team is looking forward to diving into the details and discovering the potential match.  Cheers, Brandon Lewis Creative Director Creative Designs Studio"
4,Update on Your Job Application: [Job Title] at [Company Name],"I hope you're doing well. I wanted to drop you a quick note to thank you for your interest in the [Job Title] role at [Company Name] and for the time you invested in our interview process. We were genuinely impressed by your enthusiasm and your qualifications.  After some careful consideration, we decided to go with another candidate whose skills were a closer match for our current needs. I understand it can be a bummer, but I want to stress that your skills and experience are genuinely appreciated.  Don't worry; we're keeping your application on file for potential future opportunities at [Company Name] that might be an even better fit. If you have any questions or want feedback on your interview, please feel free to hit us up.  Your candidacy left a great impression, and we're rooting for you to find the perfect opportunity that aligns perfectly with your skills and aspirations. Thanks for considering [Company Name], and we wish you all the best in your job hunt."
2,Final Interview Invitation: Graphic Designer Position,"Hey Samantha Garcia,  Congratulations on advancing to the final interview stage! Your application for the Graphic Designer position at Creative Designs Studio has been impressive. We would like to invite you for the final interview to discuss your creative approach in more detail. Please find a time in your schedule for the upcoming week. We appreciate your dedication and look forward to the final stages of the hiring process.  Cheers, Brandon Lewis Creative Director Creative Designs Studio"
3,Job Offer: Financial Analyst Position,"Dear Daniel Wilson,  We are thrilled to extend a job offer for the Financial Analyst position at Global Investments Corp. Your financial expertise and analytical skills make you an ideal fit for our team. The offer includes a competitive salary, benefits, and other advantages. Please find the attached offer letter for detailed information. We look forward to welcoming you to our organization and achieving great success together. Congratulations!  Thank you, Olivia Turner HR Coordinator Global Investments Corp."
1,Analytical Aptitude Test: Graphic Designer Position,"Hey Samantha Garcia,  Greetings! Your application for the Graphic Designer position at Creative Designs Studio has caught our attention. As the next step, we invite you to take an analytical aptitude test to assess your cognitive and creative thinking. Please find the link to the test attached. We value your commitment to this process and look forward to reviewing your results.  Cheers, Brandon Lewis Creative Director Creative Designs Studio"
0,Your Application – Next Steps,"Hello Emma Baker,  Thank you for submitting your application for the Sales Associate position at Connect Retail. We're currently reviewing applications, and you can expect to hear from us regarding the next steps within the next two weeks.  Best, Robert Miller Hiring Manager Connect Retail"
1,Analytical Aptitude Test: Project Manager Position,"Hi Rachel Miller,  Thank you for your application for the Project Manager position at Stellar Solutions. We are impressed with your background. As the next step, we request you to complete an analytical aptitude test specific to this role. The test link is attached for your convenience. Your commitment to this process is highly valued, and we look forward to reviewing your results.  Regards, Ethan Adams HR Director Stellar Solutions"
3,Job Offer: Software Engineer Position,"Dear John Smith,  We are delighted to extend a formal job offer for the Software Engineer position at ABC Tech Solutions. Your skills and experiences align perfectly with what we are looking for, and we believe you will be a valuable addition to our team. The offer includes a competitive salary, benefits, and other perks. Please review the attached offer letter for detailed information. We hope to have you join our team and contribute to our success. Congratulations!  Best regards, Emily Johnson HR Manager ABC Tech Solutions"
3,Job Offer: Lead UX/UI Designer Role,"Hey David Rodriguez,  Congratulations! We are thrilled to offer you the position of Lead UX/UI Designer at Creative Innovations Studio. Your innovative design approach and leadership skills set you apart. The offer includes a competitive salary, benefits, and additional perks. Please review the attached offer letter for more details. We look forward to having you lead our design team!  Cheers, Sophie Turner Creative Director Creative Innovations Studio"
1,Next Steps: Analytical Skills Test for Marketing Coordinator Role,"Hi Alex Thompson,  Thank you for your interest in the Marketing Coordinator position at Innovate Marketing Agency. To move forward with your application, we request you to complete an analytical skills test. This test will assess your critical thinking and analytical abilities. The link to the test is provided here: [Test Link]. We value your commitment to this process and look forward to reviewing your results.  Warm regards, Sarah Miller Talent Acquisition Specialist Innovate Marketing Agency"
0,Appreciation for Your Specialized Skills,"Dear Kyle Anderson,  We want to express our gratitude for your recent application for the UX Designer position at Tech Innovations Inc. Your expertise in user experience design caught our attention, and we look forward to delving deeper into how your skills align with our needs.  Best regards, Victoria Foster Recruitment Manager Tech Innovations Inc."
2,Interview Invitation: Project Manager Position,"Hi Rachel Miller,  Thank you for your application for the Project Manager position at Stellar Solutions. We are impressed with your qualifications, and we would like to invite you for an interview to discuss your project management experience. Please share your availability, and we will schedule the interview accordingly. We look forward to meeting you.  Regards, Ethan Adams HR Director Stellar Solutions"
0,Thank You for Your Job Application,"Dear John Smith,  We sincerely appreciate the time and effort you invested in applying for the Software Engineer position at ABC Tech Solutions. Your application is now under careful review, and we will contact you soon regarding the next steps in our hiring process.  Thank you for considering ABC Tech Solutions as your potential employer.  Best regards, Emily Johnson HR Manager ABC Tech Solutions"
2,Interview Invitation for Data Analyst Position,"Hello Jessica Brown,  We trust this email finds you in good spirits. Your application for the Data Analyst position at XYZ Analytics has stood out, and we would like to invite you for an interview. This is an opportunity for us to discuss your qualifications further. Please let us know your availability, and we will schedule the interview accordingly. We appreciate your interest in joining our team.  Best, Michael Davis Hiring Manager XYZ Analytics"
3,Job Offer: Sales Associate Role,"Hello Emma Baker,  Congratulations! We are thrilled to offer you the position of Sales Associate at Connect Retail. Your sales skills and customer-centric approach make you an ideal candidate for this role. The offer includes a competitive salary, benefits, and additional perks. Please review the attached offer letter for more information. We look forward to having you as part of our sales team!  Best, Robert Miller Hiring Manager Connect Retail"
1,Next Steps: Cognitive Aptitude Test for Sales Representative Position,"Hi Lily Thompson,  Thank you for expressing interest in the Sales Representative position at Dynamic Solutions. To move forward, we request you to complete a cognitive aptitude test tailored to this role. The link to the test is provided here: [Test Link]. Your commitment to this process is highly valued, and we look forward to evaluating your results.  Best, Henry Turner CEO Dynamic Solutions"
4,Job Application Decision: [Job Title] at [Company Name],"I hope you're doing well. I wanted to get back to you regarding the [Job Title] position at [Company Name]. First and foremost, thanks for taking the time to apply and go through our interview process. We were seriously impressed with your [mention some strengths or qualifications].  After some tough decision-making, we've decided to go in a different direction with another candidate. It was a tough choice, and the selected candidate had a bit more experience and skills that directly matched the job requirements.  We genuinely appreciate your interest in [Company Name]. We're always on the lookout for great talent, and even though this one didn't work out, we'd love to keep your application on file. You never know when the perfect opportunity might come up.  Please stay connected with us on our social media channels or visit our careers page to keep an eye on new openings. We'd be thrilled to see your name pop up in our applicant pool again.  Thanks once more for considering [Company Name]. Best of luck with your job search, and I'm sure your next adventure is just around the corner."
2,Final Interview Invitation: Sales Associate Role,"Hello Emma Baker,  Congratulations on advancing to the final round! Your application for the Sales Associate position at Connect Retail has been selected for the final interview. We would like to discuss your sales skills in more detail. Please reply with your availability for the upcoming week. We appreciate your commitment to the process and look forward to the final stages of the hiring process.  Best, Robert Miller Hiring Manager Connect Retail"
0,Confirmation of Your Job Application,"Hello Jessica Brown,  This is to confirm that we have received your application for the Data Analyst position at XYZ Analytics. Thank you for your interest in joining our team. Our hiring team will carefully review your credentials, and you can expect to hear from us regarding the status of your application shortly.  Best, Michael Davis Hiring Manager XYZ Analytics"
0,Thank You for Applying: Customer Support Representative Role,"Dear [Applicant Name],  Your application for the Customer Support Representative role has been received. We appreciate your interest in joining our team at [Company Name]. Our recruitment team will carefully review your qualifications, and if there is a match, we will contact you to discuss the next steps. Thank you for considering a career with us.  Best regards, [Company Name] Hiring Team"
4,Thank You for Your Interest in [Job Title] at [Company Name],"We appreciate your interest in the [Job Title] position at [Company Name]. After careful consideration, we've selected another candidate whose qualifications align more closely with our needs for this role.  Your application will remain on file for future opportunities. If you have questions or need feedback, please feel free to reach out.  Thank you for considering [Company Name], and best of luck with your job search."
1,Next Steps: Online Assessment for Marketing Coordinator Role,"Hi Alex Thompson,  Thank you for expressing interest in the Marketing Coordinator position at Innovate Marketing Agency. We believe your skills align well with our requirements. To proceed with your application, we kindly request you to complete an online assessment. The link to the assessment is provided here: [Assessment Link]. We appreciate your cooperation and look forward to gaining further insights into your capabilities.  Warm regards, Sarah Miller Talent Acquisition Specialist Innovate Marketing Agency"
0,Receipt of Application: Human Resources Assistant Position,"Dear [Applicant Name],  Thank you for submitting your application for the Human Resources Assistant position at [Company Name]. We have received your information and will be evaluating your candidacy in the coming weeks. If your qualifications align with our requirements, we will schedule an interview. We appreciate your interest in joining our HR team.  Warm regards, [Company Name] Recruitment Team"
3,Job Offer: Senior Data Scientist Position,"Hello Michelle Lee,  We are pleased to extend a job offer for the Senior Data Scientist position at Data Dynamics Inc. Your advanced analytical skills and research experience make you a valuable addition to our data science team. The offer includes a competitive salary, benefits, and opportunities for professional development. Please find the attached offer letter for detailed information. We look forward to having you contribute to our data-driven success!  Best, Andrew Mitchell Hiring Manager Data Dynamics Inc."
4,Thank You for Your Interest in [Job Title] at [Company Name],"I hope this message finds you well. I want to express my sincere gratitude for your interest in the [Job Title] position at [Company Name] and for the dedication you showed throughout our interview process. Your enthusiasm and qualifications were truly impressive.  After careful consideration, we have decided to move forward with another candidate whose skills more closely align with our current requirements for this role. I understand this news may be disappointing, but please remember that your skills and experience are highly regarded.  Your application will remain in our records for future opportunities within [Company Name] that may be a better match. If you have any questions or would like feedback on your interview, please don't hesitate to reach out.  I want to emphasize that your candidacy left a positive impression, and we sincerely hope our paths cross again in the future. Your talent is unmistakable, and I am confident that you will find the right opportunity that aligns perfectly with your qualifications and aspirations.  Thank you for considering [Company Name] as a potential employer. We wish you the very best in your ongoing job search."
1,Project Manager Position: Online Assessment Required,"Hi Rachel Miller,  Thank you for your application for the Project Manager position at Stellar Solutions. We are impressed with your background. As the next step, we request you to complete an online assessment specific to this role. The assessment link is attached for your convenience. Your commitment to this process is highly valued, and we look forward to reviewing your results.  Regards, Ethan Adams HR Director Stellar Solutions"
0,Confirmation of Application: Marketing Specialist Role,"Dear [Applicant Name],  Thank you for expressing your interest in the Marketing Specialist role at [Company Name]. We have received your application and will be conducting a thorough review of your qualifications. If you are shortlisted, our team will reach out to you for further discussions. We appreciate your time and look forward to the possibility of working together.  Kind regards, [Company Name] Recruitment Team"
4,Thank You for Your Interest in [Job Title] at [Company Name],"Thank you for your interest in the [Job Title] position at [Company Name] and for the time you invested in our interview process. We appreciate your enthusiasm and the effort you put into your application.  After careful consideration, we have chosen another candidate whose qualifications more closely match our current needs for this role. We understand this may be disappointing, but please know that your skills and experience are valued.  We will keep your application for future opportunities within [Company Name] that may be a better fit. If you have any questions or seek feedback on your interview, please feel free to reach out.  We appreciate your interest in [Company Name] and wish you the best in your job search."
3,Job Offer: Senior Sales Associate Position,"Hello Taylor Davis,  Congratulations on your successful interview! We are pleased to offer you the position of Senior Sales Associate at Connect Retail Solutions. Your sales expertise and customer-centric approach make you a valuable addition to our sales team. The offer includes a competitive salary, benefits, and additional perks. Please review the attached offer letter for more details. We look forward to having you contribute to our sales success!  Best, Robert Turner Hiring Manager Connect Retail Solutions"
4,Application Outcome: Automation & Robotics - Intern Role at GE,"Thank you for applying to our Automation & Robotics - Intern role.  We appreciate your patience.  Unfortunately, our team did not select you for this role. Competition for jobs at GE is strong, and we often make difficult choices between many great candidates.  We would like to encourage you to keep an eye out for other opportunities at GE that interest you. We encourage you to join our Talent Community to receive up-to-the-minute job openings tailored just for you by clicking on this link.  Kind regards, GE Talent Acquisition Team"
1,Sales Associate Role: Online Assessment Invitation,"Hello Emma Baker,  Greetings! Your application for the Sales Associate position at Connect Retail has caught our attention. To proceed with your application, we invite you to take an online assessment tailored to this role. Please find the link to the assessment attached. We appreciate your cooperation and look forward to gaining further insights into your capabilities.  Best, Robert Miller Hiring Manager Connect Retail"
3,Job Offer: Marketing Coordinator Role,"Hi Alex Thompson,  Congratulations! We are thrilled to offer you the position of Marketing Coordinator at Innovate Marketing Agency. Your skills and enthusiasm stood out, and we believe you will bring a fresh perspective to our team. The offer includes a competitive salary, benefits, and additional perks. Please review the attached offer letter for more details. We look forward to welcoming you to our team and embarking on this exciting journey together.  Warm regards, Sarah Miller Talent Acquisition Specialist Innovate Marketing Agency"
0,Acknowledgment of Application: Software Engineer Position,"Dear [Applicant Name],  We acknowledge the receipt of your application for the Software Engineer position. Your interest in joining our team is appreciated. Our hiring team will carefully review your qualifications, and if your profile matches our requirements, we will be in touch for the next steps. Thank you for considering a career with [Company Name].  Best regards, [Company Name] Talent Acquisition Team"
1,Cognitive Ability Test: Graphic Designer Position,"Hey Samantha Garcia,  Greetings! Your application for the Graphic Designer position at Creative Designs Studio has caught our attention. As the next step, we invite you to take a cognitive ability test to assess your cognitive skills and creative thinking. Please find the link to the test attached. We value your commitment to this process and look forward to reviewing your results.  Cheers, Brandon Lewis Creative Director Creative Designs Studio"
4,Application Status: [Job Title] Position at [Company Name],"I regret to inform you that your application for the [Job Title] position at [Company Name] has been rejected.  After thorough assessment, we have selected another candidate who was a more suitable fit for the role. We will not retain your application for any future opportunities.  Thank you for applying, and we wish you the best in your job search."
2,Interview Invitation for Financial Analyst Position,"Dear Daniel Wilson,  Congratulations on making it to the next stage! Your application for the Financial Analyst position at Global Investments Corp. has been selected for an interview. We would like to discuss your financial expertise further. Please reply with your availability, and we will arrange the interview. Thank you for your interest.  Sincerely, Olivia Turner HR Coordinator Global Investments Corp."
3,Job Offer: Senior UX Designer Role,"Dear Emma Carter,  We are pleased to extend a job offer for the Senior UX Designer position at Tech Innovate Solutions. Your exceptional user experience design skills and creativity make you a standout candidate. The offer includes a competitive salary, benefits, and opportunities for career growth. Please find the attached offer letter for detailed information. We look forward to having you elevate our user experience design!  Best regards, Daniel Foster Recruitment Manager Tech Innovate Solutions"
1,Human Resources Manager Position: Complete Your Cognitive Ability Test,"Dear Oliver Davis,  We trust this email finds you well. Your application for the Human Resources Manager position at People First Company is appreciated. To move forward, we request you to complete a cognitive ability test tailored to this role. Please follow the attached link to access the test. We value your dedication to this process and look forward to reviewing your results.  Warm regards, Sophia Clark HR Director People First Company"
4,Application Update: Intern - Data Science Role at Micron,"Thank you very much for applying for Intern - Data Science role at Micron.  At this time, we regret to inform you that we’ve decided not to move forward with your application. As a growing organization, we always have new positions available, and therefore we encourage you to continue visiting the career site on a regular basis. Our AI-enabled system will match your resume with any relevant, open vacancies we have.  If you are interested in knowing more about Micron’s culture, you can interact with our team members here. We would be delighted to answer your questions!  Once again, thank you very much for your time and consideration.  We wish you success in your current job search and hope to see your application for other roles at Micron."
3,Job Offer: Director of Human Resources Role,"Dear Christopher Baker,  We are thrilled to extend a job offer for the Director of Human Resources position at People First Solutions. Your strategic HR vision and leadership experience make you the ideal candidate for this role. The offer includes a competitive salary, benefits, and additional perks. Please review the attached offer letter for detailed information. We look forward to having you lead our HR initiatives!  Warm regards, Olivia Clark HR Director People First Solutions"
1,Sales Associate Role: Cognitive Ability Test Invitation,"Hello Emma Baker,  Greetings! Your application for the Sales Associate position at Connect Retail has caught our attention. To proceed with your application, we invite you to take a cognitive ability test tailored to this role. Please find the link to the test attached. We appreciate your cooperation and look forward to gaining further insights into your capabilities.  Best, Robert Miller Hiring Manager Connect Retail"
0,Acknowledgment of Application: Administrative Assistant Position,"Dear [Applicant Name],  Thank you for submitting your application for the Administrative Assistant position at [Company Name]. We have received your information and are currently reviewing it. If your qualifications align with our needs, we will be in touch for further discussions. We appreciate your interest in joining our team.  Sincerely, [Company Name] Administrative Recruitment Team"
2,Final Interview Invitation: Marketing Coordinator Role,"Hi Alex Thompson,  Congratulations on making it through the initial interview stages! We are impressed with your skills and experiences for the Marketing Coordinator position at Innovate Marketing Agency. We would like to invite you for the final interview to explore your fit for the team. Please reply with your availability, and we will schedule the interview accordingly. We look forward to the final stages of the hiring process.  Warm regards, Sarah Miller Talent Acquisition Specialist Innovate Marketing Agency"
4,Job Application Update: [Job Title] Position at [Company Name],"Thank you for your interest in the [Job Title] position at [Company Name] and for the time you invested in our interview process. We appreciate your enthusiasm and the effort you put into your application.  After careful consideration, we have chosen another candidate whose qualifications more closely match our current needs for this role. We understand this may be disappointing, but please know that your skills and experience are valued.  We will keep your application for future opportunities within [Company Name] that may be a better fit. If you have any questions or seek feedback on your interview, please feel free to reach out.  We appreciate your interest in [Company Name] and wish you the best in your job search."
1,Invitation to Cognitive Ability Test for Software Engineer Position,"Dear John Smith,  We trust this email finds you well. As part of our thorough evaluation process for the Software Engineer position at ABC Tech Solutions, we would like to invite you to take a cognitive ability test. This test is designed to assess your problem-solving skills and analytical abilities. Please find the link to the test attached. We appreciate your dedication to this process and look forward to gaining further insights into your capabilities.  Best regards, Emily Johnson HR Manager ABC Tech Solutions"
0,Thank You for Your Interest: Project Manager Position,"Dear [Applicant Name],  Thank you for showing interest in the Project Manager position at [Company Name]. We have received your application and are currently reviewing it. If your qualifications meet our criteria, we will reach out to you to discuss the next steps. We appreciate your commitment to excellence.  Best regards, [Company Name] Hiring Committee"
4,Thank You for Your Interest in [Job Title] at [Company Name],"We regret to inform you that your application for the [Job Title] position at [Company Name] has been rejected.  After thorough assessment, we have selected another candidate who was a more suitable fit for the role. We will not retain your application for any future opportunities.  Thank you for applying, and we wish you the best in your job search."
1,Action Required: Complete Your Cognitive Ability Test for Data Analyst Position,"Hello Jessica Brown,  We hope this message finds you in good spirits. Your application for the Data Analyst position at XYZ Analytics has been positively received. As the next step, we request you to complete a cognitive ability test designed for this role. Please follow the attached link to access the test. We appreciate your dedication to this process and anticipate your timely response.  Best, Michael Davis Hiring Manager XYZ Analytics"
2,Interview Invitation for Human Resources Manager Position,"Dear Oliver Davis,  We hope this email finds you well. Your application for the Human Resources Manager position at People First Company has intrigued us. We would like to invite you for an interview to discuss your HR expertise further. Please reply with your availability, and we will arrange the interview. We appreciate your interest.  Warm regards, Sophia Clark HR Director People First Company"
1,Action Required: Complete Your Data Analyst Position Assessment,"Hello Jessica Brown,  We trust this email finds you in good spirits. Your application for the Data Analyst position at XYZ Analytics has been positively received. To move forward, we request you to complete an online assessment tailored to this role. Please follow the attached link to access the assessment. We appreciate your dedication to this process and anticipate your timely response.  Best, Michael Davis Hiring Manager XYZ Analytics"
0,Thank You for Your Meticulous Application,"Dear Oliver Davis,  We appreciate the care and detail you put into your application for the Human Resources Manager position at People First Company. Your thoroughness does not go unnoticed, and we're eager to delve into your qualifications further.  Warm regards, Sophia Clark HR Director People First Company"
2,Final Interview Invitation: Project Manager Position,"Hi Rachel Miller,  Thank you for your excellent performance in the initial interview stages for the Project Manager position at Stellar Solutions. Your background and skills have impressed us. We would like to invite you for the final interview to discuss your project management experience in more detail. Please share your availability, and we will schedule the interview. We appreciate your dedication to the process and look forward to the final stages of the hiring process.  Regards, Ethan Adams HR Director Stellar Solutions"
3,Job Offer: Senior Financial Analyst Position,"Dear Ethan Harris,  We are excited to extend a job offer for the Senior Financial Analyst position at Global Finance Solutions. Your in-depth financial analysis skills and strategic thinking make you a key asset to our finance team. The offer includes a competitive salary, benefits, and additional incentives. Please review the attached offer letter for detailed information. We look forward to having you contribute to our financial success!  Thank you, Olivia Robinson HR Coordinator Global Finance Solutions"
4,Thank You for Your Interest in [Job Title] at [Company Name],"I hope this message finds you well. I wanted to personally thank you for your interest in the [Job Title] position at [Company Name] and for the time and effort you put into the interview process. We were truly impressed with your qualifications and experience, and we appreciate your enthusiasm for the role.  After careful consideration, we have decided to move forward with another candidate whose skills and experience closely align with our current needs for this role. It was a challenging decision to make, as we were highly impressed with your qualifications and what you could bring to our team.  Please know that this decision does not diminish your worth or the value of your skills and experience. We received many qualified applications, and this decision was based on the specific requirements of the position and how well they matched with the other candidate's background.  We sincerely hope that you will not be discouraged by this outcome, as we believe you have a bright future ahead. We will keep your application on file for the future and consider you for other opportunities within [Company Name] that might be a better fit.  Thank you once again for your interest in [Company Name]. We wish you the best of luck in your job search, and we hope our paths may cross again in the future.  If you have any questions or would like feedback on your interview, please feel free to reach out. We are more than happy to provide constructive feedback to help you in your professional growth.  Thank you for considering [Company Name] as a potential employer, and we wish you all the best in your career endeavors."
1,Sales Associate Role: Analytical Aptitude Test Invitation,"Hello Emma Baker,  Greetings! Your application for the Sales Associate position at Connect Retail has caught our attention. To proceed with your application, we invite you to take an analytical aptitude test tailored to this role. Please find the link to the test attached. We appreciate your cooperation and look forward to gaining further insights into your capabilities.  Best, Robert Miller Hiring Manager Connect Retail"
2,Invitation for Final Interview: Software Engineer Position,"Dear John Smith,  Congratulations! We are pleased to inform you that you have successfully passed the initial interview rounds for the Software Engineer position at ABC Tech Solutions. Your qualifications and experiences have impressed us. We would like to invite you for the final interview to discuss your fit for the role in more detail. Please share your availability for the upcoming week. We appreciate your dedication and look forward to the next steps in the hiring process.  Best regards, Emily Johnson HR Manager ABC Tech Solutions"
3,Job Offer: Data Analyst Position,"Hello Jessica Brown,  We are pleased to offer you the position of Data Analyst at XYZ Analytics. Your analytical skills and attention to detail are exactly what we need for this role. The offer includes a competitive salary, benefits, and other advantages. Please find the attached offer letter for comprehensive details. We are excited about the prospect of you joining our team and contributing to our success. Congratulations!  Best, Michael Davis Hiring Manager XYZ Analytics"
0,Big Thanks for Your Application!,"Hi Alex Thompson,  We just wanted to drop a quick note to express our gratitude for your recent application for the Marketing Coordinator position at Innovate Marketing Agency. We've received your information and are excited about the possibility of having you on our team!  Stay tuned for updates on the next steps. We're looking forward to the possibility of working together.  Warm regards, Sarah Miller Talent Acquisition Specialist Innovate Marketing Agency"
3,Job Offer: Human Resources Manager Position,"Dear Oliver Davis,  We are pleased to extend a job offer for the Human Resources Manager position at People First Company. Your HR expertise and leadership qualities are exactly what we need. The offer includes a competitive salary, benefits, and other advantages. Please find the attached offer letter for detailed information. We look forward to having you as a key member of our HR team. Congratulations!  Warm regards, Sophia Clark HR Director People First Company"
1,Invitation to Analytical Skills Test for UX Designer Role,"Dear Kyle Anderson,  We hope this message finds you well. Your application for the UX Designer position at Tech Innovations Inc. has caught our eye. To proceed with your application, we kindly ask you to complete an analytical skills test designed for this role. The link to the test is provided here: [Test Link]. We appreciate your dedication to this process and anticipate your timely response.  Best regards, Victoria Foster Recruitment Manager Tech Innovations Inc."
2,Interview Invitation: Marketing Coordinator Role,"Hi Alex Thompson,  Congratulations! Your application for the Marketing Coordinator position at Innovate Marketing Agency has caught our attention. We are pleased to invite you for an interview to delve deeper into your experiences and skills. Please reply to this email with your preferred time for the interview, and we will arrange accordingly. We look forward to getting to know you better.  Warm regards, Sarah Miller Talent Acquisition Specialist Innovate Marketing Agency"
1,Next Steps: Cognitive Ability Test for Marketing Coordinator Role,"Hi Alex Thompson,  Thank you for your interest in the Marketing Coordinator position at Innovate Marketing Agency. To move forward with your application, we request you to complete a cognitive ability test. This test will assess your critical thinking skills and decision-making abilities. The link to the test is provided here: [Test Link]. We value your commitment to this process and look forward to reviewing your results.  Warm regards, Sarah Miller Talent Acquisition Specialist Innovate Marketing Agency"
1,Invitation to UX Designer Role Assessment,"Dear Kyle Anderson,  We hope this message finds you well. Your application for the UX Designer position at Tech Innovations Inc. has caught our eye. To proceed with your application, we kindly ask you to complete an online assessment designed for this role. The link to the assessment is provided here: [Assessment Link]. We appreciate your dedication to this process and anticipate your timely response.  Best regards, Victoria Foster Recruitment Manager Tech Innovations Inc."
0,Application Confirmation: Graphic Designer Role,"Dear [Applicant Name],  We would like to confirm the receipt of your application for the Graphic Designer role at [Company Name]. Your portfolio and resume are under review, and we will be in touch if your skills match our needs. Thank you for considering [Company Name] as your potential workplace.  Sincerely, [Company Name] Design Team"
0,Application Acknowledgment: Financial Analyst Position,"Dear [Applicant Name],  We wanted to inform you that we have received your application for the Financial Analyst position at [Company Name]. Our hiring team is currently assessing all applications, and if your skills align with our needs, we will be in touch for an interview. Thank you for your interest in joining our organization.  Sincerely, [Company Name] Talent Acquisition"
0,Confirmation of Application: Sales Representative Role,"Dear [Applicant Name],  We acknowledge the receipt of your application for the Sales Representative position at [Company Name]. Your interest in contributing to our sales team is valued. We will carefully assess your application, and if you are shortlisted, we will contact you for the next steps. Thank you for considering a career with [Company Name].  Best regards, [Company Name] Sales Recruitment Team"
3,Job Offer: Senior Project Manager Position,"Hi Sarah Adams,  Congratulations on your success in the interview process! We are delighted to offer you the position of Senior Project Manager at Dynamic Projects Inc. Your proven project management skills and leadership experience make you an ideal fit. The offer includes a competitive salary, benefits, and additional perks. Please review the attached offer letter for more details. We look forward to having you lead our project teams!  Regards, Michael Turner HR Director Dynamic Projects Inc."
3,Job Offer: Marketing Manager Role,"Hi Emily Harris,  Congratulations! We are excited to offer you the position of Marketing Manager at Global Innovations Agency. Your strategic marketing skills and leadership qualities align perfectly with our goals. The offer includes a competitive salary, benefits, and additional perks. Please review the attached offer letter for more details. We look forward to having you lead our marketing initiatives!  Warm regards, Daniel Carter Talent Acquisition Director Global Innovations Agency"
2,Invitation for Final Interview: UX Designer Role,"Dear Kyle Anderson,  Congratulations on successfully passing the initial interview stages! Your application for the UX Designer position at Tech Innovations Inc. has been outstanding. We would like to invite you for the final interview to explore your user experience design skills in more detail. Please reply with your availability, and we will arrange the interview. We appreciate your commitment to the process and look forward to the final stages of the hiring process.  Best regards, Victoria Foster Recruitment Manager Tech Innovations Inc."
3,Job Offer: Senior Software Engineer Position,"Dear Alex Turner,  We are thrilled to offer you the position of Senior Software Engineer at Tech Innovations Corp. Your extensive experience and technical expertise make you an outstanding fit for our team. The offer includes a competitive salary, comprehensive benefits, and stock options. Please review the attached offer letter for detailed information. We look forward to welcoming you aboard and achieving great success together!  Best regards, Jessica Reynolds HR Manager Tech Innovations Corp."
4,Job Application Status: [Job Title] at [Company Name],"I hope this message finds you well. I wanted to personally thank you for your interest in the [Job Title] position at [Company Name] and for the time and effort you put into the interview process. We were truly impressed with your qualifications and experience, and we appreciate your enthusiasm for the role.  After careful consideration, we have decided to move forward with another candidate whose skills and experience closely align with our current needs for this role. It was a challenging decision to make, as we were highly impressed with your qualifications and what you could bring to our team.  Please know that this decision does not diminish your worth or the value of your skills and experience. We received many qualified applications, and this decision was based on the specific requirements of the position and how well they matched with the other candidate's background.  We sincerely hope that you will not be discouraged by this outcome, as we believe you have a bright future ahead. We will keep your application on file for the future and consider you for other opportunities within [Company Name] that might be a better fit.  Thank you once again for your interest in [Company Name]. We wish you the best of luck in your job search, and we hope our paths may cross again in the future.  If you have any questions or would like feedback on your interview, please feel free to reach out. We are more than happy to provide constructive feedback to help you in your professional growth.  Thank you for considering [Company Name] as a potential employer, and we wish you all the best in your career endeavors."
0,Application Received: IT Support Specialist Role,"Dear [Applicant Name],  We want to inform you that we have received your application for the IT Support Specialist role. Our technical team is in the process of evaluating applications, and if your skills match our requirements, we will invite you for an interview. Thank you for considering [Company Name] as your potential employer.  Kind regards, [Company Name] IT Recruitment Team"
4,Thank You for Your Interest in [Job Title] at [Company Name],"Thank you for your interest in the [Job Title] position at [Company Name]. We appreciate your time and effort throughout the interview process.  After careful consideration, we regret to inform you that we have selected another candidate for the position. The decision was based on several factors, including the specific skills and experience required for the role, which we found to be more aligned with the selected candidate.  While your application demonstrated [mention some strengths], our team ultimately decided to move forward with a candidate who possessed stronger qualifications and experience directly related to the job requirements.  We understand that job searching can be a challenging process, and we encourage you to continue developing your skills and experience. We appreciate your interest in [Company Name], and your application will be kept on file for potential future openings that may be a better fit.  Thank you for your understanding, and we wish you the best of luck in your job search."
2,Invitation for Interview: UX Designer Role,"Dear Kyle Anderson,  We hope this message finds you well. Your application for the UX Designer position at Tech Innovations Inc. has caught our attention. We would like to invite you for an interview to learn more about your user experience design skills. Please reply with your availability, and we will arrange the interview. We appreciate your interest.  Best regards, Victoria Foster Recruitment Manager Tech Innovations Inc."
1,Human Resources Manager Position: Complete Your Assessment,"Dear Oliver Davis,  We trust this email finds you well. Your application for the Human Resources Manager position at People First Company is appreciated. To move forward, we request you to complete an online assessment tailored to this role. Please follow the attached link to access the assessment. We value your dedication to this process and look forward to reviewing your results.  Warm regards, Sophia Clark HR Director People First Company"
2,Interview Invitation: Graphic Designer Position,"Hey Samantha Garcia,  Greetings! Your application for the Graphic Designer position at Creative Designs Studio has impressed us. We are pleased to invite you for an interview to learn more about your creative approach and experiences. Kindly share your availability, and we will schedule the interview accordingly. We look forward to meeting you.  Cheers, Brandon Lewis Creative Director Creative Designs Studio"
3,Job Offer: Sales Representative Position,"Hi Lily Thompson,  Congratulations! We are excited to offer you the position of Sales Representative at Dynamic Solutions. Your sales experience and interpersonal skills make you an excellent fit for our team. The offer includes a competitive salary, benefits, and additional perks. Please review the attached offer letter for more details. We look forward to having you contribute to our sales success!  Best, Henry Turner CEO Dynamic Solutions"
2,Interview Invitation: Sales Representative Position,"Hi Lily Thompson,  Congratulations! Your application for the Sales Representative position at Dynamic Solutions has been selected for the interview stage. We would like to discuss your sales experience further. Please let us know your availability, and we will schedule the interview. We look forward to meeting you.  Best, Henry Turner CEO Dynamic Solutions"
1,Invitation to Problem-Solving Assessment for Software Engineer Position,"Dear John Smith,  We hope this message finds you well. As part of our thorough evaluation process for the Software Engineer position at ABC Tech Solutions, we would like to invite you to take a problem-solving assessment. This test is designed to assess your critical thinking skills and problem-solving abilities. Please find the link to the assessment attached. We appreciate your dedication to this process and look forward to gaining further insights into your capabilities.  Best regards, Emily Johnson HR Manager ABC Tech Solutions"
3,Job Offer: Graphic Designer Position,"Hey Samantha Garcia,  Congratulations! We are excited to offer you the position of Graphic Designer at Creative Designs Studio. Your creativity and design skills set you apart, and we believe you will make significant contributions to our projects. The offer includes a competitive salary, benefits, and additional perks. Please review the attached offer letter for more information. We look forward to having you on board!  Cheers, Brandon Lewis Creative Director Creative Designs Studio"
2,Invitation for Interview: Software Engineer Position,"Dear John Smith,  We hope this message finds you well. We are pleased to inform you that your application for the Software Engineer position at ABC Tech Solutions has been shortlisted for the next stage. We would like to invite you for an interview to further discuss your qualifications and explore your fit for the role. Please let us know your availability for the upcoming week. We appreciate your interest and look forward to meeting you.  Best regards, Emily Johnson HR Manager ABC Tech Solutions"
1,Cognitive Ability Test: Project Manager Position,"Hi Rachel Miller,  Thank you for your application for the Project Manager position at Stellar Solutions. We are impressed with your background. As the next step, we request you to complete a cognitive ability test specific to this role. The test link is attached for your convenience. Your commitment to this process is highly valued, and we look forward to reviewing your results.  Regards, Ethan Adams HR Director Stellar Solutions"
0,Thank You – Excited to Explore the Possibilities!,"Hi Lily Thompson,  Your application for the Sales Representative position at Dynamic Solutions is received with enthusiasm. We value innovation and commitment, and we're excited about the prospect of having you contribute to our dynamic culture. Stay tuned for updates!  Best, Henry Turner CEO Dynamic Solutions"
2,Final Interview Invitation for Financial Analyst Position,"Dear Daniel Wilson,  Congratulations! Your performance in the earlier interview rounds for the Financial Analyst position at Global Investments Corp. has been outstanding. We would like to invite you for the final interview to delve deeper into your financial expertise. Please reply with your availability, and we will arrange the interview. We appreciate your dedication to the process and look forward to the final stages of the hiring process.  Thank you, Olivia Turner HR Coordinator Global Investments Corp."
0,Acknowledgment of Your Application,"Dear Daniel Wilson,  We acknowledge receipt of your application for the Financial Analyst position at Global Investments Corp. Your qualifications are currently being reviewed, and we will contact you with further details shortly.  Thank you for your interest in Global Investments Corp.  Sincerely, Olivia Turner HR Coordinator Global Investments Corp."
2,Interview Invitation: Sales Associate Role,"Hello Emma Baker,  Congratulations on making it to the next round! Your application for the Sales Associate position at Connect Retail has been selected for an interview. We would like to discuss your sales skills further. Please reply with your availability, and we will schedule the interview. We look forward to meeting you.  Best, Robert Miller Hiring Manager Connect Retail"
3,Job Offer: Senior Sales Manager Position,"Hi Michael Johnson,  Congratulations! We are excited to offer you the position of Senior Sales Manager at Sales Dynamics Corp. Your extensive sales experience and leadership qualities make you an excellent fit for our team. The offer includes a competitive salary, benefits, and additional incentives. Please review the attached offer letter for more details. We look forward to having you lead our sales efforts!  Best, Sophia Turner CEO Sales Dynamics Corp."
1,Take the Financial Analyst Position Assessment Now,"Dear Daniel Wilson,  We appreciate your interest in the Financial Analyst position at Global Investments Corp. To proceed with your application, we request you to complete an online assessment designed for this role. The assessment link is provided here: [Assessment Link]. We value your dedication to this process and look forward to evaluating your results.  Thank you, Olivia Turner HR Coordinator Global Investments Corp."
0,Your Application Is in Good Hands,"Hi Rachel Miller,  Thank you for taking the time to apply for the Project Manager position at Stellar Solutions. We're impressed with your background and are eager to explore your potential contribution to our team. Stay tuned for updates, and we wish you the best in the selection process.  Regards, Ethan Adams HR Director Stellar Solutions"
3,Job Offer: Project Manager Position,"Hi Rachel Miller,  Congratulations! We are delighted to offer you the position of Project Manager at Stellar Solutions. Your project management experience and leadership skills are impressive, and we believe you will play a key role in our projects. The offer includes a competitive salary, benefits, and additional perks. Please review the attached offer letter for more details. We look forward to having you as part of our team!  Regards, Ethan Adams HR Director Stellar Solutions"
2,Final Interview Invitation: Sales Representative Position,"Hi Lily Thompson,  Congratulations on making it to the final round! Your application for the Sales Representative position at Dynamic Solutions has been selected for the final interview. We would like to discuss your sales experience in more detail. Please let us know your availability for the upcoming week. We appreciate your commitment to the process and look forward to the final stages of the hiring process.  Best, Henry Turner CEO Dynamic Solutions"
1,Human Resources Manager Position: Complete Your Cognitive Thinking Test,"Dear Oliver Davis,  We trust this email finds you well. Your application for the Human Resources Manager position at People First Company is appreciated. To move forward, we request you to complete a cognitive thinking test tailored to this role. Please follow the attached link to access the test. We value your dedication to this process and look forward to reviewing your results.  Warm regards, Sophia Clark HR Director People First Company"
